sample_label,centroid12
monkeyc1g1s1,4
monkeyc1g1s2,7
monkeyc1g1s3,7
monkeyc1g1s4,7
monkeyc1g1s5,7
monkeyc1g1s6,7
monkeyc1g1s7,7
monkeyc1g1s8,7
monkeyc1g1s9,7
monkeyc1g1s10,4
monkeyc1g1s11,7
monkeyc1g1s12,7
monkeyc1g1s13,7
monkeyc1g1s14,7
monkeyc1g1s15,7
monkeyc1g1s16,7
monkeyc1g1s17,7
monkeyc1g1s18,7
monkeyc1g1s19,7
monkeyc1g1s20,7
monkeyc1g1s21,7
monkeyc1g1s22,7
monkeyc1g1s23,7
monkeyc1g1s24,7
monkeyc1g1s25,7
monkeyc1g1s26,7
monkeyc1g1s27,7
monkeyc1g1s28,7
monkeyc1g1s29,7
monkeyc1g1s30,7
monkeyc1g1s31,7
monkeyc1g1s32,7
monkeyc1g1s33,7
monkeyc1g1s34,7
monkeyc1g1s35,7
monkeyc1g1s36,7
monkeyc1g1s37,7
monkeyc1g1s38,7
monkeyc1g1s39,7
monkeyc1g1s40,7
monkeyc1g1s41,7
monkeyc1g1s42,7
monkeyc1g1s43,7
monkeyc1g1s44,7
monkeyc1g1s45,7
monkeyc1g1s46,7
monkeyc1g1s47,7
monkeyc1g1s48,7
monkeyc1g1s49,7
monkeyc1g1s50,7
monkeyc1g1s51,7
monkeyc1g1s52,3
monkeyc1g1s53,7
monkeyc1g1s54,7
monkeyc1g1s55,7
monkeyc1g1s56,7
monkeyc1g1s57,4
monkeyc1g1s58,7
monkeyc1g1s59,7
monkeyc1g1s60,7
monkeyc1g1s61,7
monkeyc1g1s62,7
monkeyc1g1s63,7
monkeyc1g1s64,7
monkeyc1g1s65,4
monkeyc1g1s66,7
monkeyc1g1s67,4
monkeyc1g1s68,7
monkeyc1g1s69,7
monkeyc1g1s70,7
monkeyc1g1s71,7
monkeyc1g1s72,4
monkeyc1g1s73,4
monkeyc1g1s74,7
monkeyc1g1s75,3
monkeyc1g1s76,4
monkeyc1g1s77,7
monkeyc1g1s78,4
monkeyc1g1s79,7
monkeyc1g1s80,7
monkeyc1g1s81,7
monkeyc1g1s82,7
monkeyc1g1s83,7
monkeyc1g1s84,7
monkeyc1g1s85,7
monkeyc1g1s86,7
monkeyc1g1s87,7
monkeyc1g1s88,7
monkeyc1g1s89,7
monkeyc1g1s90,7
monkeyc1g1s91,4
monkeyc1g1s92,7
monkeyc1g1s93,7
monkeyc1g1s94,3
monkeyc1g1s95,7
monkeyc1g1s96,7
monkeyc1g1s97,4
monkeyc1g1s98,7
monkeyc1g1s99,7
monkeyc1g1s100,7
monkeyc1g1s101,3
monkeyc1g1s102,7
monkeyc1g1s103,7
monkeyc1g1s104,7
monkeyc1g1s105,7
monkeyc1g1s106,7
monkeyc1g1s107,4
monkeyc1g1s108,7
monkeyc1g1s109,7
monkeyc1g1s110,7
monkeyc1g1s111,7
monkeyc1g1s112,7
monkeyc1g1s113,7
monkeyc1g1s114,7
monkeyc1g1s115,7
monkeyc1g1s116,7
monkeyc1g1s117,7
monkeyc1g1s118,7
monkeyc1g1s119,7
monkeyc1g1s120,7
monkeyc1g1s121,7
monkeyc1g1s122,7
monkeyc1g1s123,4
monkeyc1g1s124,7
monkeyc1g1s125,7
monkeyc1g1s126,7
monkeyc1g1s127,7
monkeyc1g1s128,7
monkeyc1g1s129,4
monkeyc1g1s130,7
monkeyc1g1s131,7
monkeyc1g1s132,4
monkeyc1g1s133,7
monkeyc1g1s134,4
monkeyc1g1s135,7
monkeyc1g1s136,7
monkeyc1g1s137,7
monkeyc1g1s138,7
monkeyc1g1s139,7
monkeyc1g1s140,4
monkeyc1g1s141,7
monkeyc1g1s142,7
monkeyc1g1s143,7
monkeyc1g1s144,7
monkeyc1g1s145,7
monkeyc1g1s146,7
monkeyc1g1s147,3
monkeyc1g1s148,7
monkeyc1g1s149,7
monkeyc1g1s150,7
monkeyc1g1s151,4
monkeyc1g1s152,4
monkeyc1g1s153,7
monkeyc1g1s154,7
monkeyc1g1s155,7
monkeyc1g1s156,7
monkeyc1g1s157,4
monkeyc1g1s158,7
monkeyc1g1s159,7
monkeyc1g1s160,7
monkeyc1g1s161,7
monkeyc1g1s162,7
monkeyc1g1s163,7
monkeyc1g1s164,4
monkeyc1g1s165,7
monkeyc1g1s166,7
monkeyc1g1s167,7
monkeyc1g1s168,7
monkeyc1g1s169,7
monkeyc1g1s170,4
monkeyc1g1s171,7
monkeyc1g1s172,7
monkeyc1g1s173,7
monkeyc1g1s174,7
monkeyc1g1s175,7
monkeyc1g1s176,7
monkeyc1g1s177,4
monkeyc1g1s178,7
monkeyc1g1s179,7
monkeyc1g1s180,7
monkeyc1g1s181,7
monkeyc1g1s182,7
monkeyc1g1s183,7
monkeyc1g1s184,4
monkeyc1g1s185,7
monkeyc1g1s186,7
monkeyc1g1s187,7
monkeyc1g1s188,7
monkeyc1g1s189,7
monkeyc1g1s190,7
monkeyc1g1s191,7
monkeyc1g1s192,7
monkeyc1g1s193,7
monkeyc1g1s194,7
monkeyc1g1s195,3
monkeyc1g1s196,7
monkeyc1g1s197,4
monkeyc1g1s198,7
monkeyc1g1s199,7
monkeyc1g1s200,7
monkeyc1g1s201,7
monkeyc1g1s202,7
monkeyc1g1s203,7
monkeyc1g1s204,7
monkeyc1g1s205,7
monkeyc1g1s206,7
monkeyc1g1s207,7
monkeyc1g1s208,7
monkeyc1g1s209,7
monkeyc1g1s210,7
monkeyc1g1s211,7
monkeyc1g1s212,7
monkeyc1g1s213,7
monkeyc1g1s214,7
monkeyc1g1s215,7
monkeyc1g1s216,7
monkeyc1g1s217,7
monkeyc1g1s218,7
monkeyc1g1s219,7
monkeyc1g1s220,7
monkeyc1g1s221,7
monkeyc1g1s222,7
monkeyc1g1s223,7
monkeyc1g1s224,7
monkeyc1g1s225,7
monkeyc1g1s226,7
monkeyc1g1s227,4
monkeyc1g1s228,7
monkeyc1g1s229,7
monkeyc1g1s230,7
monkeyc1g1s231,7
monkeyc1g1s232,7
monkeyc1g1s233,7
monkeyc1g1s234,7
monkeyc1g1s235,3
monkeyc1g1s236,7
monkeyc1g1s237,7
monkeyc1g1s238,7
monkeyc1g1s239,7
monkeyc1g1s240,7
monkeyc1g1s241,7
monkeyc1g1s242,7
monkeyc1g1s243,7
monkeyc1g1s244,7
monkeyc1g1s245,7
monkeyc1g1s246,7
monkeyc1g1s247,7
monkeyc1g1s248,7
monkeyc1g1s249,4
monkeyc1g1s250,7
monkeyc1g1s251,7
monkeyc1g1s252,7
monkeyc1g1s253,7
monkeyc1g1s254,7
monkeyc1g1s255,7
monkeyc1g1s256,7
monkeyc1g1s257,7
monkeyc1g1s258,7
monkeyc1g1s259,7
monkeyc1g1s260,7
monkeyc1g1s261,7
monkeyc1g1s262,3
monkeyc1g1s263,7
monkeyc1g1s264,7
monkeyc1g1s265,7
monkeyc1g1s266,4
monkeyc1g1s267,7
monkeyc1g1s268,7
monkeyc1g1s269,7
monkeyc1g1s270,7
monkeyc1g1s271,7
monkeyc1g1s272,7
monkeyc1g1s273,7
monkeyc1g1s274,7
monkeyc1g1s275,7
monkeyc1g1s276,7
monkeyc1g1s277,7
monkeyc1g1s278,4
monkeyc1g1s279,7
monkeyc1g1s280,7
monkeyc1g1s281,7
monkeyc1g1s282,7
monkeyc1g1s283,7
monkeyc1g1s284,7
monkeyc1g1s285,7
monkeyc1g1s286,7
monkeyc1g1s287,7
monkeyc1g1s288,7
monkeyc1g1s289,7
monkeyc1g1s290,7
monkeyc1g1s291,7
monkeyc1g1s292,7
monkeyc1g1s293,7
monkeyc1g1s294,7
monkeyc1g1s295,7
monkeyc1g1s296,7
monkeyc1g1s297,7
monkeyc1g1s298,7
monkeyc1g1s299,7
monkeyc1g1s300,7
monkeyc1g1s301,7
monkeyc1g1s302,7
monkeyc1g1s303,7
monkeyc1g1s304,7
monkeyc1g1s305,7
monkeyc1g1s306,7
monkeyc1g1s307,7
monkeyc1g1s308,7
monkeyc1g1s309,7
monkeyc1g1s310,4
monkeyc1g1s311,7
monkeyc1g1s312,7
monkeyc1g1s313,7
monkeyc1g1s314,7
monkeyc1g1s315,7
monkeyc1g1s316,3
monkeyc1g1s317,7
monkeyc1g1s318,7
monkeyc1g1s319,7
monkeyc1g1s320,7
monkeyc1g1s321,4
monkeyc1g1s322,7
monkeyc1g1s323,4
monkeyc1g1s324,7
monkeyc1g1s325,7
monkeyc1g1s326,7
monkeyc1g1s327,7
monkeyc1g1s328,7
monkeyc1g1s329,7
monkeyc1g1s330,7
monkeyc1g1s331,4
monkeyc1g1s332,7
monkeyc1g1s333,7
monkeyc1g1s334,4
monkeyc1g1s335,7
monkeyc1g1s336,7
monkeyc1g1s337,7
monkeyc1g1s338,7
monkeyc1g1s339,3
monkeyc1g1s340,3
monkeyc1g1s341,7
monkeyc1g1s342,7
monkeyc1g1s343,7
monkeyc1g1s344,7
monkeyc1g1s345,7
monkeyc1g1s346,7
monkeyc1g1s347,7
monkeyc1g1s348,7
monkeyc1g1s349,7
monkeyc1g1s350,7
monkeyc1g1s351,7
monkeyc1g1s352,4
monkeyc1g1s353,4
monkeyc1g1s354,7
monkeyc1g1s355,7
monkeyc1g1s356,7
monkeyc1g1s357,7
monkeyc1g1s358,4
monkeyc1g1s359,7
monkeyc1g1s360,7
monkeyc1g1s361,7
monkeyc1g1s362,7
monkeyc1g1s363,7
monkeyc1g1s364,7
monkeyc1g1s365,7
monkeyc1g1s366,7
monkeyc1g1s367,3
monkeyc1g1s368,7
monkeyc1g1s369,4
monkeyc1g1s370,7
monkeyc1g1s371,7
monkeyc1g1s372,7
monkeyc1g1s373,7
monkeyc1g1s374,7
monkeyc1g1s375,7
monkeyc1g1s376,7
monkeyc1g1s377,7
monkeyc1g1s378,7
monkeyc1g1s379,7
monkeyc1g1s380,7
monkeyc1g1s381,7
monkeyc1g1s382,7
monkeyc1g1s383,7
monkeyc1g1s384,7
monkeyc1g1s385,7
monkeyc1g1s386,4
monkeyc1g1s387,7
monkeyc1g1s388,7
monkeyc1g1s389,7
monkeyc1g1s390,7
monkeyc1g1s391,7
monkeyc1g1s392,7
monkeyc1g1s393,4
monkeyc1g1s394,7
monkeyc1g1s395,4
monkeyc1g1s396,7
monkeyc1g1s397,7
monkeyc1g1s398,7
monkeyc1g1s399,7
monkeyc1g1s400,7
monkeyc1g1s401,7
monkeyc1g1s402,7
monkeyc1g1s403,7
monkeyc1g1s404,7
monkeyc1g1s405,4
monkeyc1g1s406,7
monkeyc1g1s407,7
monkeyc1g1s408,7
monkeyc1g1s409,7
monkeyc1g1s410,7
monkeyc1g1s411,4
monkeyc1g1s412,7
monkeyc1g1s413,4
monkeyc1g1s414,7
monkeyc1g1s415,7
monkeyc1g1s416,7
monkeyc1g1s417,7
monkeyc1g1s418,7
monkeyc1g1s419,7
monkeyc1g1s420,4
monkeyc1g1s421,7
monkeyc1g1s422,7
monkeyc1g1s423,4
monkeyc1g1s424,7
monkeyc1g1s425,7
monkeyc1g1s426,7
monkeyc1g1s427,4
monkeyc1g1s428,7
monkeyc1g1s429,7
monkeyc1g1s430,7
monkeyc1g1s431,7
monkeyc1g1s432,7
monkeyc1g1s433,7
monkeyc1g1s434,7
monkeyc1g1s435,7
monkeyc1g1s436,4
monkeyc1g1s437,7
monkeyc1g1s438,7
monkeyc1g1s439,3
monkeyc1g1s440,7
monkeyc1g1s441,7
monkeyc1g1s442,7
monkeyc1g1s443,7
monkeyc1g1s444,7
monkeyc1g1s445,7
monkeyc1g1s446,7
monkeyc1g1s447,7
monkeyc1g1s448,7
monkeyc1g1s449,7
monkeyc1g1s450,4
monkeyc1g1s451,7
monkeyc1g1s452,7
monkeyc1g1s453,7
monkeyc1g1s454,7
monkeyc1g1s455,4
monkeyc1g1s456,7
monkeyc1g1s457,7
monkeyc1g1s458,7
monkeyc1g1s459,4
monkeyc1g1s460,7
monkeyc1g1s461,7
monkeyc1g1s462,7
monkeyc1g1s463,7
monkeyc1g1s464,7
monkeyc1g1s465,7
monkeyc1g1s466,7
monkeyc1g1s467,7
monkeyc1g1s468,7
monkeyc1g1s469,7
monkeyc1g1s470,7
monkeyc1g1s471,7
monkeyc1g1s472,7
monkeyc1g1s473,4
monkeyc1g1s474,7
monkeyc1g1s475,7
monkeyc1g1s476,7
monkeyc1g1s477,7
monkeyc1g1s478,7
monkeyc1g1s479,7
monkeyc1g1s480,7
monkeyc1g1s481,7
monkeyc1g1s482,7
monkeyc1g1s483,7
monkeyc1g1s484,7
monkeyc1g1s485,7
monkeyc1g1s486,7
monkeyc1g1s487,7
monkeyc1g1s488,7
monkeyc1g1s489,7
monkeyc1g1s490,4
monkeyc1g1s491,3
monkeyc1g1s492,7
monkeyc1g1s493,7
monkeyc1g1s494,7
monkeyc1g1s495,7
monkeyc1g1s496,7
monkeyc1g1s497,7
monkeyc1g1s498,7
monkeyc1g1s499,4
monkeyc1g1s500,7
monkeyc2g2s501,4
monkeyc2g2s502,4
monkeyc2g2s503,4
monkeyc2g2s504,4
monkeyc2g2s505,4
monkeyc2g2s506,11
monkeyc2g2s507,11
monkeyc2g2s508,4
monkeyc2g2s509,4
monkeyc2g2s510,4
monkeyc2g2s511,4
monkeyc2g2s512,4
monkeyc2g2s513,4
monkeyc2g2s514,4
monkeyc2g2s515,4
monkeyc2g2s516,4
monkeyc2g2s517,11
monkeyc2g2s518,11
monkeyc2g2s519,4
monkeyc2g2s520,11
monkeyc2g2s521,4
monkeyc2g2s522,4
monkeyc2g2s523,4
monkeyc2g2s524,4
monkeyc2g2s525,4
monkeyc2g2s526,4
monkeyc2g2s527,4
monkeyc2g2s528,11
monkeyc2g2s529,4
monkeyc2g2s530,11
monkeyc2g2s531,4
monkeyc2g2s532,4
monkeyc2g2s533,4
monkeyc2g2s534,4
monkeyc2g2s535,4
monkeyc2g2s536,4
monkeyc2g2s537,4
monkeyc2g2s538,4
monkeyc2g2s539,4
monkeyc2g2s540,4
monkeyc2g2s541,4
monkeyc2g2s542,4
monkeyc2g2s543,4
monkeyc2g2s544,4
monkeyc2g2s545,4
monkeyc2g2s546,6
monkeyc2g2s547,4
monkeyc2g2s548,4
monkeyc2g2s549,4
monkeyc2g2s550,4
monkeyc2g2s551,4
monkeyc2g2s552,4
monkeyc2g2s553,4
monkeyc2g2s554,11
monkeyc2g2s555,11
monkeyc2g2s556,4
monkeyc2g2s557,4
monkeyc2g2s558,4
monkeyc2g2s559,4
monkeyc2g2s560,4
monkeyc2g2s561,11
monkeyc2g2s562,4
monkeyc2g2s563,4
monkeyc2g2s564,4
monkeyc2g2s565,4
monkeyc2g2s566,4
monkeyc2g2s567,4
monkeyc2g2s568,4
monkeyc2g2s569,4
monkeyc2g2s570,4
monkeyc2g2s571,4
monkeyc2g2s572,4
monkeyc2g2s573,4
monkeyc2g2s574,4
monkeyc2g2s575,4
monkeyc2g2s576,4
monkeyc2g2s577,4
monkeyc2g2s578,4
monkeyc2g2s579,4
monkeyc2g2s580,4
monkeyc2g2s581,4
monkeyc2g2s582,4
monkeyc2g2s583,4
monkeyc2g2s584,11
monkeyc2g2s585,4
monkeyc2g2s586,4
monkeyc2g2s587,4
monkeyc2g2s588,11
monkeyc2g2s589,4
monkeyc2g2s590,4
monkeyc2g2s591,4
monkeyc2g2s592,4
monkeyc2g2s593,4
monkeyc2g2s594,4
monkeyc2g2s595,4
monkeyc2g2s596,4
monkeyc2g2s597,4
monkeyc2g2s598,4
monkeyc2g2s599,4
monkeyc2g2s600,4
monkeyc2g2s601,4
monkeyc2g2s602,11
monkeyc2g2s603,4
monkeyc2g2s604,4
monkeyc2g2s605,11
monkeyc2g2s606,4
monkeyc2g2s607,4
monkeyc2g2s608,4
monkeyc2g2s609,4
monkeyc2g2s610,4
monkeyc2g2s611,4
monkeyc2g2s612,4
monkeyc2g2s613,4
monkeyc2g2s614,4
monkeyc2g2s615,4
monkeyc2g2s616,4
monkeyc2g2s617,4
monkeyc2g2s618,4
monkeyc2g2s619,11
monkeyc2g2s620,4
monkeyc2g2s621,4
monkeyc2g2s622,4
monkeyc2g2s623,6
monkeyc2g2s624,4
monkeyc2g2s625,4
monkeyc2g2s626,4
monkeyc2g2s627,4
monkeyc2g2s628,4
monkeyc2g2s629,4
monkeyc2g2s630,4
monkeyc2g2s631,4
monkeyc2g2s632,4
monkeyc2g2s633,4
monkeyc2g2s634,4
monkeyc2g2s635,4
monkeyc2g2s636,4
monkeyc2g2s637,4
monkeyc2g2s638,4
monkeyc2g2s639,4
monkeyc2g2s640,4
monkeyc2g2s641,4
monkeyc2g2s642,4
monkeyc2g2s643,4
monkeyc2g2s644,4
monkeyc2g2s645,4
monkeyc2g2s646,4
monkeyc2g2s647,4
monkeyc2g2s648,4
monkeyc2g2s649,4
monkeyc2g2s650,4
monkeyc2g2s651,4
monkeyc2g2s652,4
monkeyc2g2s653,4
monkeyc2g2s654,4
monkeyc2g2s655,4
monkeyc2g2s656,4
monkeyc2g2s657,4
monkeyc2g2s658,4
monkeyc2g2s659,4
monkeyc2g2s660,4
monkeyc2g2s661,4
monkeyc2g2s662,4
monkeyc2g2s663,11
monkeyc2g2s664,4
monkeyc2g2s665,4
monkeyc2g2s666,4
monkeyc2g2s667,4
monkeyc2g2s668,4
monkeyc2g2s669,4
monkeyc2g2s670,11
monkeyc2g2s671,4
monkeyc2g2s672,11
monkeyc2g2s673,4
monkeyc2g2s674,4
monkeyc2g2s675,4
monkeyc2g2s676,4
monkeyc2g2s677,4
monkeyc2g2s678,4
monkeyc2g2s679,4
monkeyc2g2s680,4
monkeyc2g2s681,11
monkeyc2g2s682,4
monkeyc2g2s683,4
monkeyc2g2s684,4
monkeyc2g2s685,4
monkeyc2g2s686,4
monkeyc2g2s687,4
monkeyc2g2s688,4
monkeyc2g2s689,4
monkeyc2g2s690,4
monkeyc2g2s691,4
monkeyc2g2s692,4
monkeyc2g2s693,4
monkeyc2g2s694,4
monkeyc2g2s695,4
monkeyc2g2s696,4
monkeyc2g2s697,4
monkeyc2g2s698,4
monkeyc2g2s699,4
monkeyc2g2s700,4
monkeyc2g2s701,4
monkeyc2g2s702,4
monkeyc2g2s703,4
monkeyc2g2s704,4
monkeyc2g2s705,11
monkeyc2g2s706,4
monkeyc2g2s707,4
monkeyc2g2s708,4
monkeyc2g2s709,4
monkeyc2g2s710,4
monkeyc2g2s711,4
monkeyc2g2s712,4
monkeyc2g2s713,4
monkeyc2g2s714,4
monkeyc2g2s715,4
monkeyc2g2s716,4
monkeyc2g2s717,4
monkeyc2g2s718,4
monkeyc2g2s719,4
monkeyc2g2s720,4
monkeyc2g2s721,4
monkeyc2g2s722,6
monkeyc2g2s723,11
monkeyc2g2s724,11
monkeyc2g2s725,4
monkeyc2g2s726,4
monkeyc2g2s727,11
monkeyc2g2s728,4
monkeyc2g2s729,6
monkeyc2g2s730,4
monkeyc2g2s731,4
monkeyc2g2s732,4
monkeyc2g2s733,4
monkeyc2g2s734,4
monkeyc2g2s735,4
monkeyc2g2s736,4
monkeyc2g2s737,4
monkeyc2g2s738,4
monkeyc2g2s739,4
monkeyc2g2s740,4
monkeyc2g2s741,4
monkeyc2g2s742,4
monkeyc2g2s743,4
monkeyc2g2s744,4
monkeyc2g2s745,4
monkeyc2g2s746,4
monkeyc2g2s747,6
monkeyc2g2s748,4
monkeyc2g2s749,4
monkeyc2g2s750,4
monkeyc2g2s751,11
monkeyc2g2s752,4
monkeyc2g2s753,4
monkeyc2g2s754,4
monkeyc2g2s755,4
monkeyc2g2s756,4
monkeyc2g2s757,4
monkeyc2g2s758,4
monkeyc2g2s759,4
monkeyc2g2s760,4
monkeyc2g2s761,4
monkeyc2g2s762,4
monkeyc2g2s763,4
monkeyc2g2s764,11
monkeyc2g2s765,4
monkeyc2g2s766,4
monkeyc2g2s767,4
monkeyc2g2s768,4
monkeyc2g2s769,4
monkeyc2g2s770,4
monkeyc2g2s771,11
monkeyc2g2s772,4
monkeyc2g2s773,4
monkeyc2g2s774,4
monkeyc2g2s775,4
monkeyc2g2s776,11
monkeyc2g2s777,4
monkeyc2g2s778,4
monkeyc2g2s779,4
monkeyc2g2s780,4
monkeyc2g2s781,4
monkeyc2g2s782,4
monkeyc2g2s783,4
monkeyc2g2s784,4
monkeyc2g2s785,4
monkeyc2g2s786,11
monkeyc2g2s787,4
monkeyc2g2s788,4
monkeyc2g2s789,4
monkeyc2g2s790,4
monkeyc2g2s791,4
monkeyc2g2s792,4
monkeyc2g2s793,4
monkeyc2g2s794,4
monkeyc2g2s795,4
monkeyc2g2s796,4
monkeyc2g2s797,4
monkeyc2g2s798,4
monkeyc2g2s799,4
monkeyc2g2s800,4
monkeyc2g2s801,4
monkeyc2g2s802,4
monkeyc2g2s803,11
monkeyc2g2s804,4
monkeyc2g2s805,4
monkeyc2g2s806,11
monkeyc2g2s807,11
monkeyc2g2s808,4
monkeyc2g2s809,4
monkeyc2g2s810,4
monkeyc2g2s811,4
monkeyc2g2s812,4
monkeyc2g2s813,4
monkeyc2g2s814,4
monkeyc2g2s815,4
monkeyc2g2s816,4
monkeyc2g2s817,4
monkeyc2g2s818,4
monkeyc2g2s819,4
monkeyc2g2s820,4
monkeyc2g2s821,4
monkeyc2g2s822,4
monkeyc2g2s823,4
monkeyc2g2s824,4
monkeyc2g2s825,11
monkeyc2g2s826,4
monkeyc2g2s827,11
monkeyc2g2s828,4
monkeyc2g2s829,4
monkeyc2g2s830,4
monkeyc2g2s831,11
monkeyc2g2s832,4
monkeyc2g2s833,4
monkeyc2g2s834,4
monkeyc2g2s835,4
monkeyc2g2s836,6
monkeyc2g2s837,4
monkeyc2g2s838,11
monkeyc2g2s839,4
monkeyc2g2s840,4
monkeyc2g2s841,4
monkeyc2g2s842,11
monkeyc2g2s843,4
monkeyc2g2s844,4
monkeyc2g2s845,4
monkeyc2g2s846,4
monkeyc2g2s847,4
monkeyc2g2s848,4
monkeyc2g2s849,4
monkeyc2g2s850,4
monkeyc2g2s851,4
monkeyc2g2s852,4
monkeyc2g2s853,4
monkeyc2g2s854,4
monkeyc2g2s855,4
monkeyc2g2s856,4
monkeyc2g2s857,4
monkeyc2g2s858,4
monkeyc2g2s859,4
monkeyc2g2s860,4
monkeyc2g2s861,11
monkeyc2g2s862,4
monkeyc2g2s863,4
monkeyc2g2s864,4
monkeyc2g2s865,4
monkeyc2g2s866,11
monkeyc2g2s867,11
monkeyc2g2s868,4
monkeyc2g2s869,4
monkeyc2g2s870,6
monkeyc2g2s871,4
monkeyc2g2s872,4
monkeyc2g2s873,11
monkeyc2g2s874,4
monkeyc2g2s875,4
monkeyc2g2s876,4
monkeyc2g2s877,6
monkeyc2g2s878,4
monkeyc2g2s879,4
monkeyc2g2s880,4
monkeyc2g2s881,4
monkeyc2g2s882,4
monkeyc2g2s883,4
monkeyc2g2s884,4
monkeyc2g2s885,4
monkeyc2g2s886,4
monkeyc2g2s887,4
monkeyc2g2s888,4
monkeyc2g2s889,11
monkeyc2g2s890,11
monkeyc2g2s891,11
monkeyc2g2s892,4
monkeyc2g2s893,6
monkeyc2g2s894,4
monkeyc2g2s895,4
monkeyc2g2s896,4
monkeyc2g2s897,4
monkeyc2g2s898,4
monkeyc2g2s899,4
monkeyc2g2s900,4
monkeyc2g2s901,4
monkeyc2g2s902,4
monkeyc2g2s903,4
monkeyc2g2s904,11
monkeyc2g2s905,4
monkeyc2g2s906,4
monkeyc2g2s907,4
monkeyc2g2s908,4
monkeyc2g2s909,4
monkeyc2g2s910,4
monkeyc2g2s911,4
monkeyc2g2s912,11
monkeyc2g2s913,6
monkeyc2g2s914,4
monkeyc2g2s915,4
monkeyc2g2s916,4
monkeyc2g2s917,11
monkeyc2g2s918,4
monkeyc2g2s919,4
monkeyc2g2s920,4
monkeyc2g2s921,4
monkeyc2g2s922,4
monkeyc2g2s923,6
monkeyc2g2s924,11
monkeyc2g2s925,4
monkeyc2g2s926,11
monkeyc2g2s927,4
monkeyc2g2s928,4
monkeyc2g2s929,4
monkeyc2g2s930,4
monkeyc2g2s931,4
monkeyc2g2s932,11
monkeyc2g2s933,11
monkeyc2g2s934,4
monkeyc2g2s935,4
monkeyc2g2s936,4
monkeyc2g2s937,6
monkeyc2g2s938,4
monkeyc2g2s939,4
monkeyc2g2s940,4
monkeyc2g2s941,4
monkeyc2g2s942,4
monkeyc2g2s943,11
monkeyc2g2s944,4
monkeyc2g2s945,11
monkeyc2g2s946,11
monkeyc2g2s947,4
monkeyc2g2s948,4
monkeyc2g2s949,11
monkeyc2g2s950,4
monkeyc2g2s951,6
monkeyc2g2s952,4
monkeyc2g2s953,11
monkeyc2g2s954,4
monkeyc2g2s955,4
monkeyc2g2s956,4
monkeyc2g2s957,4
monkeyc2g2s958,4
monkeyc2g2s959,4
monkeyc2g2s960,4
monkeyc2g2s961,4
monkeyc2g2s962,11
monkeyc2g2s963,11
monkeyc2g2s964,4
monkeyc2g2s965,4
monkeyc2g2s966,4
monkeyc2g2s967,4
monkeyc2g2s968,4
monkeyc2g2s969,4
monkeyc2g2s970,4
monkeyc2g2s971,4
monkeyc2g2s972,4
monkeyc2g2s973,4
monkeyc2g2s974,4
monkeyc2g2s975,4
monkeyc2g2s976,4
monkeyc2g2s977,4
monkeyc2g2s978,4
monkeyc2g2s979,11
monkeyc2g2s980,4
monkeyc2g2s981,4
monkeyc2g2s982,4
monkeyc2g2s983,4
monkeyc2g2s984,11
monkeyc2g2s985,4
monkeyc2g2s986,4
monkeyc2g2s987,4
monkeyc2g2s988,4
monkeyc2g2s989,4
monkeyc2g2s990,4
monkeyc2g2s991,6
monkeyc2g2s992,4
monkeyc2g2s993,11
monkeyc2g2s994,4
monkeyc2g2s995,4
monkeyc2g2s996,4
monkeyc2g2s997,4
monkeyc2g2s998,4
monkeyc2g2s999,4
monkeyc2g2s1000,11
monkeyc3l1s1001,3
monkeyc3l1s1002,3
monkeyc3l1s1003,3
monkeyc3l1s1004,3
monkeyc3l1s1005,3
monkeyc3l1s1006,3
monkeyc3l1s1007,3
monkeyc3l1s1008,3
monkeyc3l1s1009,3
monkeyc3l1s1010,3
monkeyc3l1s1011,3
monkeyc3l1s1012,3
monkeyc3l1s1013,3
monkeyc3l1s1014,3
monkeyc3l1s1015,3
monkeyc3l1s1016,3
monkeyc3l1s1017,3
monkeyc3l1s1018,3
monkeyc3l1s1019,3
monkeyc3l1s1020,3
monkeyc3l1s1021,3
monkeyc3l1s1022,3
monkeyc3l1s1023,3
monkeyc3l1s1024,3
monkeyc3l1s1025,3
monkeyc3l1s1026,3
monkeyc3l1s1027,3
monkeyc3l1s1028,3
monkeyc3l1s1029,3
monkeyc3l1s1030,3
monkeyc3l1s1031,3
monkeyc3l1s1032,3
monkeyc3l1s1033,3
monkeyc3l1s1034,3
monkeyc3l1s1035,3
monkeyc3l1s1036,3
monkeyc3l1s1037,3
monkeyc3l1s1038,3
monkeyc3l1s1039,3
monkeyc3l1s1040,3
monkeyc3l1s1041,3
monkeyc3l1s1042,3
monkeyc3l1s1043,3
monkeyc3l1s1044,3
monkeyc3l1s1045,3
monkeyc3l1s1046,3
monkeyc3l1s1047,3
monkeyc3l1s1048,3
monkeyc3l1s1049,3
monkeyc3l1s1050,3
monkeyc3l1s1051,3
monkeyc3l1s1052,3
monkeyc3l1s1053,3
monkeyc3l1s1054,3
monkeyc3l1s1055,3
monkeyc3l1s1056,3
monkeyc3l1s1057,3
monkeyc3l1s1058,3
monkeyc3l1s1059,3
monkeyc3l1s1060,3
monkeyc3l1s1061,3
monkeyc3l1s1062,3
monkeyc3l1s1063,3
monkeyc3l1s1064,3
monkeyc3l1s1065,3
monkeyc3l1s1066,3
monkeyc3l1s1067,3
monkeyc3l1s1068,3
monkeyc3l1s1069,3
monkeyc3l1s1070,3
monkeyc3l1s1071,3
monkeyc3l1s1072,3
monkeyc3l1s1073,3
monkeyc3l1s1074,3
monkeyc3l1s1075,3
monkeyc3l1s1076,3
monkeyc3l1s1077,3
monkeyc3l1s1078,3
monkeyc3l1s1079,3
monkeyc3l1s1080,3
monkeyc3l1s1081,3
monkeyc3l1s1082,3
monkeyc3l1s1083,3
monkeyc3l1s1084,3
monkeyc3l1s1085,3
monkeyc3l1s1086,3
monkeyc3l1s1087,3
monkeyc3l1s1088,3
monkeyc3l1s1089,3
monkeyc3l1s1090,3
monkeyc3l1s1091,3
monkeyc3l1s1092,3
monkeyc3l1s1093,3
monkeyc3l1s1094,3
monkeyc3l1s1095,3
monkeyc3l1s1096,3
monkeyc3l1s1097,3
monkeyc3l1s1098,3
monkeyc3l1s1099,3
monkeyc3l1s1100,3
monkeyc3l1s1101,3
monkeyc3l1s1102,3
monkeyc3l1s1103,3
monkeyc3l1s1104,3
monkeyc3l1s1105,3
monkeyc3l1s1106,3
monkeyc3l1s1107,3
monkeyc3l1s1108,3
monkeyc3l1s1109,3
monkeyc3l1s1110,3
monkeyc3l1s1111,3
monkeyc3l1s1112,3
monkeyc3l1s1113,3
monkeyc3l1s1114,3
monkeyc3l1s1115,3
monkeyc3l1s1116,3
monkeyc3l1s1117,3
monkeyc3l1s1118,3
monkeyc3l1s1119,3
monkeyc3l1s1120,3
monkeyc3l1s1121,3
monkeyc3l1s1122,3
monkeyc3l1s1123,3
monkeyc3l1s1124,3
monkeyc3l1s1125,3
monkeyc3l1s1126,3
monkeyc3l1s1127,3
monkeyc3l1s1128,3
monkeyc3l1s1129,3
monkeyc3l1s1130,3
monkeyc3l1s1131,3
monkeyc3l1s1132,3
monkeyc3l1s1133,3
monkeyc3l1s1134,3
monkeyc3l1s1135,3
monkeyc3l1s1136,3
monkeyc3l1s1137,3
monkeyc3l1s1138,3
monkeyc3l1s1139,3
monkeyc3l1s1140,3
monkeyc3l1s1141,3
monkeyc3l1s1142,3
monkeyc3l1s1143,3
monkeyc3l1s1144,3
monkeyc3l1s1145,3
monkeyc3l1s1146,3
monkeyc3l1s1147,3
monkeyc3l1s1148,3
monkeyc3l1s1149,3
monkeyc3l1s1150,3
monkeyc3l1s1151,3
monkeyc3l1s1152,3
monkeyc3l1s1153,3
monkeyc3l1s1154,3
monkeyc3l1s1155,3
monkeyc3l1s1156,3
monkeyc3l1s1157,3
monkeyc3l1s1158,3
monkeyc3l1s1159,3
monkeyc3l1s1160,3
monkeyc3l1s1161,3
monkeyc3l1s1162,3
monkeyc3l1s1163,3
monkeyc3l1s1164,3
monkeyc3l1s1165,3
monkeyc3l1s1166,3
monkeyc3l1s1167,3
monkeyc3l1s1168,3
monkeyc3l1s1169,3
monkeyc3l1s1170,3
monkeyc3l1s1171,3
monkeyc3l1s1172,3
monkeyc3l1s1173,3
monkeyc3l1s1174,3
monkeyc3l1s1175,3
monkeyc3l1s1176,3
monkeyc3l1s1177,3
monkeyc3l1s1178,3
monkeyc3l1s1179,3
monkeyc3l1s1180,3
monkeyc3l1s1181,3
monkeyc3l1s1182,3
monkeyc3l1s1183,3
monkeyc3l1s1184,3
monkeyc3l1s1185,3
monkeyc3l1s1186,3
monkeyc3l1s1187,3
monkeyc3l1s1188,3
monkeyc3l1s1189,3
monkeyc3l1s1190,3
monkeyc3l1s1191,3
monkeyc3l1s1192,3
monkeyc3l1s1193,3
monkeyc3l1s1194,3
monkeyc3l1s1195,3
monkeyc3l1s1196,3
monkeyc3l1s1197,3
monkeyc3l1s1198,3
monkeyc3l1s1199,3
monkeyc3l1s1200,3
monkeyc3l1s1201,3
monkeyc3l1s1202,3
monkeyc3l1s1203,3
monkeyc3l1s1204,3
monkeyc3l1s1205,3
monkeyc3l1s1206,3
monkeyc3l1s1207,3
monkeyc3l1s1208,3
monkeyc3l1s1209,3
monkeyc3l1s1210,3
monkeyc3l1s1211,3
monkeyc3l1s1212,3
monkeyc3l1s1213,3
monkeyc3l1s1214,3
monkeyc3l1s1215,3
monkeyc3l1s1216,3
monkeyc3l1s1217,3
monkeyc3l1s1218,3
monkeyc3l1s1219,3
monkeyc3l1s1220,3
monkeyc3l1s1221,3
monkeyc3l1s1222,3
monkeyc3l1s1223,3
monkeyc3l1s1224,3
monkeyc3l1s1225,3
monkeyc3l1s1226,3
monkeyc3l1s1227,3
monkeyc3l1s1228,3
monkeyc3l1s1229,3
monkeyc3l1s1230,3
monkeyc3l1s1231,3
monkeyc3l1s1232,3
monkeyc3l1s1233,3
monkeyc3l1s1234,3
monkeyc3l1s1235,3
monkeyc3l1s1236,3
monkeyc3l1s1237,3
monkeyc3l1s1238,3
monkeyc3l1s1239,3
monkeyc3l1s1240,3
monkeyc3l1s1241,3
monkeyc3l1s1242,3
monkeyc3l1s1243,3
monkeyc3l1s1244,3
monkeyc3l1s1245,3
monkeyc3l1s1246,3
monkeyc3l1s1247,3
monkeyc3l1s1248,3
monkeyc3l1s1249,3
monkeyc3l1s1250,3
monkeyc3l1s1251,3
monkeyc3l1s1252,3
monkeyc3l1s1253,3
monkeyc3l1s1254,3
monkeyc3l1s1255,3
monkeyc3l1s1256,3
monkeyc3l1s1257,3
monkeyc3l1s1258,3
monkeyc3l1s1259,3
monkeyc3l1s1260,3
monkeyc3l1s1261,3
monkeyc3l1s1262,3
monkeyc3l1s1263,3
monkeyc3l1s1264,3
monkeyc3l1s1265,3
monkeyc3l1s1266,3
monkeyc3l1s1267,3
monkeyc3l1s1268,3
monkeyc3l1s1269,3
monkeyc3l1s1270,3
monkeyc3l1s1271,3
monkeyc3l1s1272,3
monkeyc3l1s1273,3
monkeyc3l1s1274,3
monkeyc3l1s1275,3
monkeyc3l1s1276,3
monkeyc3l1s1277,3
monkeyc3l1s1278,3
monkeyc3l1s1279,3
monkeyc3l1s1280,3
monkeyc3l1s1281,3
monkeyc3l1s1282,3
monkeyc3l1s1283,3
monkeyc3l1s1284,3
monkeyc3l1s1285,3
monkeyc3l1s1286,3
monkeyc3l1s1287,3
monkeyc3l1s1288,3
monkeyc3l1s1289,3
monkeyc3l1s1290,3
monkeyc3l1s1291,3
monkeyc3l1s1292,3
monkeyc3l1s1293,3
monkeyc3l1s1294,3
monkeyc3l1s1295,3
monkeyc3l1s1296,3
monkeyc3l1s1297,3
monkeyc3l1s1298,3
monkeyc3l1s1299,3
monkeyc3l1s1300,3
monkeyc3l1s1301,3
monkeyc3l1s1302,3
monkeyc3l1s1303,3
monkeyc3l1s1304,3
monkeyc3l1s1305,3
monkeyc3l1s1306,3
monkeyc3l1s1307,3
monkeyc3l1s1308,3
monkeyc3l1s1309,3
monkeyc3l1s1310,3
monkeyc3l1s1311,3
monkeyc3l1s1312,3
monkeyc3l1s1313,3
monkeyc3l1s1314,3
monkeyc3l1s1315,3
monkeyc3l1s1316,3
monkeyc3l1s1317,3
monkeyc3l1s1318,3
monkeyc3l1s1319,3
monkeyc3l1s1320,3
monkeyc3l1s1321,3
monkeyc3l1s1322,3
monkeyc3l1s1323,3
monkeyc3l1s1324,3
monkeyc3l1s1325,3
monkeyc3l1s1326,3
monkeyc3l1s1327,3
monkeyc3l1s1328,3
monkeyc3l1s1329,3
monkeyc3l1s1330,3
monkeyc3l1s1331,3
monkeyc3l1s1332,3
monkeyc3l1s1333,3
monkeyc3l1s1334,3
monkeyc3l1s1335,3
monkeyc3l1s1336,3
monkeyc3l1s1337,3
monkeyc3l1s1338,3
monkeyc3l1s1339,3
monkeyc3l1s1340,3
monkeyc3l1s1341,3
monkeyc3l1s1342,3
monkeyc3l1s1343,3
monkeyc3l1s1344,3
monkeyc3l1s1345,3
monkeyc3l1s1346,3
monkeyc3l1s1347,3
monkeyc3l1s1348,3
monkeyc3l1s1349,3
monkeyc3l1s1350,3
monkeyc3l1s1351,3
monkeyc3l1s1352,3
monkeyc3l1s1353,3
monkeyc3l1s1354,3
monkeyc3l1s1355,3
monkeyc3l1s1356,3
monkeyc3l1s1357,3
monkeyc3l1s1358,3
monkeyc3l1s1359,3
monkeyc3l1s1360,3
monkeyc3l1s1361,3
monkeyc3l1s1362,3
monkeyc3l1s1363,3
monkeyc3l1s1364,3
monkeyc3l1s1365,3
monkeyc3l1s1366,3
monkeyc3l1s1367,3
monkeyc3l1s1368,3
monkeyc3l1s1369,3
monkeyc3l1s1370,3
monkeyc3l1s1371,3
monkeyc3l1s1372,3
monkeyc3l1s1373,3
monkeyc3l1s1374,3
monkeyc3l1s1375,3
monkeyc3l1s1376,3
monkeyc3l1s1377,3
monkeyc3l1s1378,3
monkeyc3l1s1379,3
monkeyc3l1s1380,3
monkeyc3l1s1381,3
monkeyc3l1s1382,3
monkeyc3l1s1383,3
monkeyc3l1s1384,3
monkeyc3l1s1385,3
monkeyc3l1s1386,3
monkeyc3l1s1387,3
monkeyc3l1s1388,3
monkeyc3l1s1389,3
monkeyc3l1s1390,3
monkeyc3l1s1391,3
monkeyc3l1s1392,3
monkeyc3l1s1393,3
monkeyc3l1s1394,3
monkeyc3l1s1395,3
monkeyc3l1s1396,3
monkeyc3l1s1397,3
monkeyc3l1s1398,3
monkeyc3l1s1399,3
monkeyc3l1s1400,3
monkeyc3l1s1401,3
monkeyc3l1s1402,3
monkeyc3l1s1403,3
monkeyc3l1s1404,3
monkeyc3l1s1405,3
monkeyc3l1s1406,3
monkeyc3l1s1407,3
monkeyc3l1s1408,3
monkeyc3l1s1409,3
monkeyc3l1s1410,3
monkeyc3l1s1411,3
monkeyc3l1s1412,3
monkeyc3l1s1413,3
monkeyc3l1s1414,3
monkeyc3l1s1415,3
monkeyc3l1s1416,3
monkeyc3l1s1417,3
monkeyc3l1s1418,3
monkeyc3l1s1419,3
monkeyc3l1s1420,3
monkeyc3l1s1421,3
monkeyc3l1s1422,3
monkeyc3l1s1423,3
monkeyc3l1s1424,3
monkeyc3l1s1425,3
monkeyc3l1s1426,3
monkeyc3l1s1427,3
monkeyc3l1s1428,3
monkeyc3l1s1429,3
monkeyc3l1s1430,3
monkeyc3l1s1431,3
monkeyc3l1s1432,3
monkeyc3l1s1433,3
monkeyc3l1s1434,3
monkeyc3l1s1435,3
monkeyc3l1s1436,3
monkeyc3l1s1437,3
monkeyc3l1s1438,3
monkeyc3l1s1439,3
monkeyc3l1s1440,3
monkeyc3l1s1441,3
monkeyc3l1s1442,3
monkeyc3l1s1443,3
monkeyc3l1s1444,3
monkeyc3l1s1445,3
monkeyc3l1s1446,3
monkeyc3l1s1447,3
monkeyc3l1s1448,3
monkeyc3l1s1449,3
monkeyc3l1s1450,3
monkeyc3l1s1451,3
monkeyc3l1s1452,3
monkeyc3l1s1453,3
monkeyc3l1s1454,3
monkeyc3l1s1455,3
monkeyc3l1s1456,3
monkeyc3l1s1457,3
monkeyc3l1s1458,3
monkeyc3l1s1459,3
monkeyc3l1s1460,3
monkeyc3l1s1461,3
monkeyc3l1s1462,3
monkeyc3l1s1463,3
monkeyc3l1s1464,3
monkeyc3l1s1465,3
monkeyc3l1s1466,3
monkeyc3l1s1467,3
monkeyc3l1s1468,3
monkeyc3l1s1469,3
monkeyc3l1s1470,3
monkeyc3l1s1471,3
monkeyc3l1s1472,3
monkeyc3l1s1473,3
monkeyc3l1s1474,3
monkeyc3l1s1475,3
monkeyc3l1s1476,3
monkeyc3l1s1477,3
monkeyc3l1s1478,3
monkeyc3l1s1479,3
monkeyc3l1s1480,3
monkeyc3l1s1481,3
monkeyc3l1s1482,3
monkeyc3l1s1483,3
monkeyc3l1s1484,3
monkeyc3l1s1485,3
monkeyc3l1s1486,3
monkeyc3l1s1487,3
monkeyc3l1s1488,3
monkeyc3l1s1489,3
monkeyc3l1s1490,3
monkeyc3l1s1491,3
monkeyc3l1s1492,3
monkeyc3l1s1493,3
monkeyc3l1s1494,3
monkeyc3l1s1495,3
monkeyc3l1s1496,3
monkeyc3l1s1497,3
monkeyc3l1s1498,3
monkeyc3l1s1499,3
monkeyc3l1s1500,3
monkeyc4l2s1501,6
monkeyc4l2s1502,6
monkeyc4l2s1503,6
monkeyc4l2s1504,6
monkeyc4l2s1505,6
monkeyc4l2s1506,6
monkeyc4l2s1507,6
monkeyc4l2s1508,6
monkeyc4l2s1509,6
monkeyc4l2s1510,6
monkeyc4l2s1511,4
monkeyc4l2s1512,6
monkeyc4l2s1513,4
monkeyc4l2s1514,6
monkeyc4l2s1515,6
monkeyc4l2s1516,6
monkeyc4l2s1517,6
monkeyc4l2s1518,6
monkeyc4l2s1519,6
monkeyc4l2s1520,4
monkeyc4l2s1521,6
monkeyc4l2s1522,6
monkeyc4l2s1523,6
monkeyc4l2s1524,4
monkeyc4l2s1525,6
monkeyc4l2s1526,6
monkeyc4l2s1527,6
monkeyc4l2s1528,4
monkeyc4l2s1529,6
monkeyc4l2s1530,6
monkeyc4l2s1531,6
monkeyc4l2s1532,6
monkeyc4l2s1533,6
monkeyc4l2s1534,6
monkeyc4l2s1535,4
monkeyc4l2s1536,6
monkeyc4l2s1537,6
monkeyc4l2s1538,6
monkeyc4l2s1539,6
monkeyc4l2s1540,6
monkeyc4l2s1541,6
monkeyc4l2s1542,6
monkeyc4l2s1543,6
monkeyc4l2s1544,6
monkeyc4l2s1545,6
monkeyc4l2s1546,4
monkeyc4l2s1547,6
monkeyc4l2s1548,4
monkeyc4l2s1549,6
monkeyc4l2s1550,6
monkeyc4l2s1551,4
monkeyc4l2s1552,6
monkeyc4l2s1553,6
monkeyc4l2s1554,6
monkeyc4l2s1555,6
monkeyc4l2s1556,6
monkeyc4l2s1557,6
monkeyc4l2s1558,6
monkeyc4l2s1559,6
monkeyc4l2s1560,6
monkeyc4l2s1561,6
monkeyc4l2s1562,4
monkeyc4l2s1563,4
monkeyc4l2s1564,6
monkeyc4l2s1565,6
monkeyc4l2s1566,6
monkeyc4l2s1567,6
monkeyc4l2s1568,4
monkeyc4l2s1569,6
monkeyc4l2s1570,4
monkeyc4l2s1571,6
monkeyc4l2s1572,6
monkeyc4l2s1573,4
monkeyc4l2s1574,6
monkeyc4l2s1575,4
monkeyc4l2s1576,6
monkeyc4l2s1577,6
monkeyc4l2s1578,6
monkeyc4l2s1579,6
monkeyc4l2s1580,4
monkeyc4l2s1581,6
monkeyc4l2s1582,6
monkeyc4l2s1583,4
monkeyc4l2s1584,6
monkeyc4l2s1585,6
monkeyc4l2s1586,6
monkeyc4l2s1587,4
monkeyc4l2s1588,6
monkeyc4l2s1589,6
monkeyc4l2s1590,6
monkeyc4l2s1591,4
monkeyc4l2s1592,6
monkeyc4l2s1593,6
monkeyc4l2s1594,6
monkeyc4l2s1595,6
monkeyc4l2s1596,6
monkeyc4l2s1597,6
monkeyc4l2s1598,6
monkeyc4l2s1599,4
monkeyc4l2s1600,6
monkeyc4l2s1601,6
monkeyc4l2s1602,6
monkeyc4l2s1603,6
monkeyc4l2s1604,6
monkeyc4l2s1605,6
monkeyc4l2s1606,6
monkeyc4l2s1607,4
monkeyc4l2s1608,6
monkeyc4l2s1609,6
monkeyc4l2s1610,6
monkeyc4l2s1611,6
monkeyc4l2s1612,6
monkeyc4l2s1613,6
monkeyc4l2s1614,6
monkeyc4l2s1615,4
monkeyc4l2s1616,6
monkeyc4l2s1617,6
monkeyc4l2s1618,6
monkeyc4l2s1619,6
monkeyc4l2s1620,6
monkeyc4l2s1621,6
monkeyc4l2s1622,4
monkeyc4l2s1623,4
monkeyc4l2s1624,6
monkeyc4l2s1625,6
monkeyc4l2s1626,6
monkeyc4l2s1627,4
monkeyc4l2s1628,4
monkeyc4l2s1629,6
monkeyc4l2s1630,6
monkeyc4l2s1631,6
monkeyc4l2s1632,6
monkeyc4l2s1633,6
monkeyc4l2s1634,6
monkeyc4l2s1635,4
monkeyc4l2s1636,6
monkeyc4l2s1637,6
monkeyc4l2s1638,4
monkeyc4l2s1639,4
monkeyc4l2s1640,6
monkeyc4l2s1641,6
monkeyc4l2s1642,6
monkeyc4l2s1643,6
monkeyc4l2s1644,6
monkeyc4l2s1645,6
monkeyc4l2s1646,4
monkeyc4l2s1647,6
monkeyc4l2s1648,6
monkeyc4l2s1649,6
monkeyc4l2s1650,6
monkeyc4l2s1651,6
monkeyc4l2s1652,6
monkeyc4l2s1653,6
monkeyc4l2s1654,6
monkeyc4l2s1655,4
monkeyc4l2s1656,4
monkeyc4l2s1657,4
monkeyc4l2s1658,4
monkeyc4l2s1659,6
monkeyc4l2s1660,6
monkeyc4l2s1661,6
monkeyc4l2s1662,4
monkeyc4l2s1663,4
monkeyc4l2s1664,6
monkeyc4l2s1665,6
monkeyc4l2s1666,4
monkeyc4l2s1667,6
monkeyc4l2s1668,6
monkeyc4l2s1669,4
monkeyc4l2s1670,6
monkeyc4l2s1671,6
monkeyc4l2s1672,6
monkeyc4l2s1673,6
monkeyc4l2s1674,6
monkeyc4l2s1675,6
monkeyc4l2s1676,4
monkeyc4l2s1677,6
monkeyc4l2s1678,6
monkeyc4l2s1679,6
monkeyc4l2s1680,6
monkeyc4l2s1681,6
monkeyc4l2s1682,4
monkeyc4l2s1683,4
monkeyc4l2s1684,6
monkeyc4l2s1685,6
monkeyc4l2s1686,6
monkeyc4l2s1687,6
monkeyc4l2s1688,6
monkeyc4l2s1689,6
monkeyc4l2s1690,6
monkeyc4l2s1691,6
monkeyc4l2s1692,6
monkeyc4l2s1693,6
monkeyc4l2s1694,6
monkeyc4l2s1695,6
monkeyc4l2s1696,4
monkeyc4l2s1697,6
monkeyc4l2s1698,6
monkeyc4l2s1699,6
monkeyc4l2s1700,6
monkeyc4l2s1701,6
monkeyc4l2s1702,6
monkeyc4l2s1703,6
monkeyc4l2s1704,6
monkeyc4l2s1705,6
monkeyc4l2s1706,4
monkeyc4l2s1707,6
monkeyc4l2s1708,6
monkeyc4l2s1709,6
monkeyc4l2s1710,6
monkeyc4l2s1711,4
monkeyc4l2s1712,4
monkeyc4l2s1713,6
monkeyc4l2s1714,4
monkeyc4l2s1715,6
monkeyc4l2s1716,4
monkeyc4l2s1717,6
monkeyc4l2s1718,6
monkeyc4l2s1719,6
monkeyc4l2s1720,6
monkeyc4l2s1721,6
monkeyc4l2s1722,6
monkeyc4l2s1723,4
monkeyc4l2s1724,6
monkeyc4l2s1725,6
monkeyc4l2s1726,6
monkeyc4l2s1727,6
monkeyc4l2s1728,6
monkeyc4l2s1729,4
monkeyc4l2s1730,6
monkeyc4l2s1731,6
monkeyc4l2s1732,6
monkeyc4l2s1733,6
monkeyc4l2s1734,6
monkeyc4l2s1735,6
monkeyc4l2s1736,6
monkeyc4l2s1737,6
monkeyc4l2s1738,6
monkeyc4l2s1739,6
monkeyc4l2s1740,6
monkeyc4l2s1741,6
monkeyc4l2s1742,6
monkeyc4l2s1743,6
monkeyc4l2s1744,6
monkeyc4l2s1745,6
monkeyc4l2s1746,6
monkeyc4l2s1747,6
monkeyc4l2s1748,6
monkeyc4l2s1749,6
monkeyc4l2s1750,6
monkeyc4l2s1751,6
monkeyc4l2s1752,6
monkeyc4l2s1753,6
monkeyc4l2s1754,6
monkeyc4l2s1755,6
monkeyc4l2s1756,6
monkeyc4l2s1757,6
monkeyc4l2s1758,6
monkeyc4l2s1759,6
monkeyc4l2s1760,6
monkeyc4l2s1761,4
monkeyc4l2s1762,6
monkeyc4l2s1763,6
monkeyc4l2s1764,6
monkeyc4l2s1765,6
monkeyc4l2s1766,6
monkeyc4l2s1767,6
monkeyc4l2s1768,4
monkeyc4l2s1769,6
monkeyc4l2s1770,4
monkeyc4l2s1771,6
monkeyc4l2s1772,4
monkeyc4l2s1773,6
monkeyc4l2s1774,6
monkeyc4l2s1775,6
monkeyc4l2s1776,6
monkeyc4l2s1777,6
monkeyc4l2s1778,6
monkeyc4l2s1779,4
monkeyc4l2s1780,6
monkeyc4l2s1781,4
monkeyc4l2s1782,6
monkeyc4l2s1783,6
monkeyc4l2s1784,6
monkeyc4l2s1785,6
monkeyc4l2s1786,6
monkeyc4l2s1787,6
monkeyc4l2s1788,4
monkeyc4l2s1789,6
monkeyc4l2s1790,6
monkeyc4l2s1791,6
monkeyc4l2s1792,6
monkeyc4l2s1793,4
monkeyc4l2s1794,6
monkeyc4l2s1795,6
monkeyc4l2s1796,6
monkeyc4l2s1797,6
monkeyc4l2s1798,6
monkeyc4l2s1799,6
monkeyc4l2s1800,6
monkeyc4l2s1801,6
monkeyc4l2s1802,6
monkeyc4l2s1803,6
monkeyc4l2s1804,6
monkeyc4l2s1805,6
monkeyc4l2s1806,6
monkeyc4l2s1807,6
monkeyc4l2s1808,6
monkeyc4l2s1809,6
monkeyc4l2s1810,6
monkeyc4l2s1811,4
monkeyc4l2s1812,6
monkeyc4l2s1813,6
monkeyc4l2s1814,6
monkeyc4l2s1815,6
monkeyc4l2s1816,6
monkeyc4l2s1817,6
monkeyc4l2s1818,6
monkeyc4l2s1819,6
monkeyc4l2s1820,6
monkeyc4l2s1821,6
monkeyc4l2s1822,6
monkeyc4l2s1823,6
monkeyc4l2s1824,6
monkeyc4l2s1825,6
monkeyc4l2s1826,6
monkeyc4l2s1827,6
monkeyc4l2s1828,6
monkeyc4l2s1829,6
monkeyc4l2s1830,6
monkeyc4l2s1831,6
monkeyc4l2s1832,6
monkeyc4l2s1833,6
monkeyc4l2s1834,6
monkeyc4l2s1835,6
monkeyc4l2s1836,6
monkeyc4l2s1837,6
monkeyc4l2s1838,6
monkeyc4l2s1839,6
monkeyc4l2s1840,6
monkeyc4l2s1841,4
monkeyc4l2s1842,6
monkeyc4l2s1843,6
monkeyc4l2s1844,6
monkeyc4l2s1845,6
monkeyc4l2s1846,6
monkeyc4l2s1847,6
monkeyc4l2s1848,4
monkeyc4l2s1849,6
monkeyc4l2s1850,4
monkeyc4l2s1851,6
monkeyc4l2s1852,6
monkeyc4l2s1853,6
monkeyc4l2s1854,6
monkeyc4l2s1855,6
monkeyc4l2s1856,4
monkeyc4l2s1857,6
monkeyc4l2s1858,6
monkeyc4l2s1859,6
monkeyc4l2s1860,6
monkeyc4l2s1861,6
monkeyc4l2s1862,6
monkeyc4l2s1863,4
monkeyc4l2s1864,6
monkeyc4l2s1865,6
monkeyc4l2s1866,6
monkeyc4l2s1867,6
monkeyc4l2s1868,6
monkeyc4l2s1869,6
monkeyc4l2s1870,6
monkeyc4l2s1871,6
monkeyc4l2s1872,6
monkeyc4l2s1873,6
monkeyc4l2s1874,6
monkeyc4l2s1875,6
monkeyc4l2s1876,6
monkeyc4l2s1877,4
monkeyc4l2s1878,6
monkeyc4l2s1879,6
monkeyc4l2s1880,6
monkeyc4l2s1881,4
monkeyc4l2s1882,6
monkeyc4l2s1883,6
monkeyc4l2s1884,6
monkeyc4l2s1885,6
monkeyc4l2s1886,6
monkeyc4l2s1887,6
monkeyc4l2s1888,6
monkeyc4l2s1889,6
monkeyc4l2s1890,6
monkeyc4l2s1891,4
monkeyc4l2s1892,6
monkeyc4l2s1893,6
monkeyc4l2s1894,6
monkeyc4l2s1895,6
monkeyc4l2s1896,6
monkeyc4l2s1897,6
monkeyc4l2s1898,4
monkeyc4l2s1899,6
monkeyc4l2s1900,6
monkeyc4l2s1901,4
monkeyc4l2s1902,4
monkeyc4l2s1903,6
monkeyc4l2s1904,6
monkeyc4l2s1905,6
monkeyc4l2s1906,6
monkeyc4l2s1907,6
monkeyc4l2s1908,6
monkeyc4l2s1909,6
monkeyc4l2s1910,6
monkeyc4l2s1911,6
monkeyc4l2s1912,6
monkeyc4l2s1913,4
monkeyc4l2s1914,6
monkeyc4l2s1915,6
monkeyc4l2s1916,6
monkeyc4l2s1917,4
monkeyc4l2s1918,6
monkeyc4l2s1919,6
monkeyc4l2s1920,6
monkeyc4l2s1921,4
monkeyc4l2s1922,6
monkeyc4l2s1923,6
monkeyc4l2s1924,6
monkeyc4l2s1925,6
monkeyc4l2s1926,6
monkeyc4l2s1927,6
monkeyc4l2s1928,6
monkeyc4l2s1929,6
monkeyc4l2s1930,6
monkeyc4l2s1931,6
monkeyc4l2s1932,6
monkeyc4l2s1933,6
monkeyc4l2s1934,6
monkeyc4l2s1935,6
monkeyc4l2s1936,6
monkeyc4l2s1937,6
monkeyc4l2s1938,6
monkeyc4l2s1939,6
monkeyc4l2s1940,6
monkeyc4l2s1941,6
monkeyc4l2s1942,6
monkeyc4l2s1943,6
monkeyc4l2s1944,6
monkeyc4l2s1945,6
monkeyc4l2s1946,6
monkeyc4l2s1947,6
monkeyc4l2s1948,6
monkeyc4l2s1949,6
monkeyc4l2s1950,4
monkeyc4l2s1951,6
monkeyc4l2s1952,6
monkeyc4l2s1953,6
monkeyc4l2s1954,4
monkeyc4l2s1955,6
monkeyc4l2s1956,4
monkeyc4l2s1957,6
monkeyc4l2s1958,6
monkeyc4l2s1959,6
monkeyc4l2s1960,6
monkeyc4l2s1961,6
monkeyc4l2s1962,6
monkeyc4l2s1963,6
monkeyc4l2s1964,6
monkeyc4l2s1965,6
monkeyc4l2s1966,6
monkeyc4l2s1967,6
monkeyc4l2s1968,6
monkeyc4l2s1969,6
monkeyc4l2s1970,4
monkeyc4l2s1971,6
monkeyc4l2s1972,6
monkeyc4l2s1973,6
monkeyc4l2s1974,6
monkeyc4l2s1975,6
monkeyc4l2s1976,6
monkeyc4l2s1977,6
monkeyc4l2s1978,4
monkeyc4l2s1979,4
monkeyc4l2s1980,4
monkeyc4l2s1981,6
monkeyc4l2s1982,6
monkeyc4l2s1983,6
monkeyc4l2s1984,6
monkeyc4l2s1985,6
monkeyc4l2s1986,4
monkeyc4l2s1987,6
monkeyc4l2s1988,6
monkeyc4l2s1989,6
monkeyc4l2s1990,6
monkeyc4l2s1991,4
monkeyc4l2s1992,6
monkeyc4l2s1993,6
monkeyc4l2s1994,4
monkeyc4l2s1995,4
monkeyc4l2s1996,6
monkeyc4l2s1997,6
monkeyc4l2s1998,6
monkeyc4l2s1999,6
monkeyc4l2s2000,6
monkeyc5hr1s2001,1
monkeyc5hr1s2002,1
monkeyc5hr1s2003,9
monkeyc5hr1s2004,1
monkeyc5hr1s2005,11
monkeyc5hr1s2006,11
monkeyc5hr1s2007,11
monkeyc5hr1s2008,1
monkeyc5hr1s2009,1
monkeyc5hr1s2010,9
monkeyc5hr1s2011,11
monkeyc5hr1s2012,1
monkeyc5hr1s2013,1
monkeyc5hr1s2014,9
monkeyc5hr1s2015,1
monkeyc5hr1s2016,1
monkeyc5hr1s2017,1
monkeyc5hr1s2018,11
monkeyc5hr1s2019,11
monkeyc5hr1s2020,11
monkeyc5hr1s2021,1
monkeyc5hr1s2022,11
monkeyc5hr1s2023,11
monkeyc5hr1s2024,11
monkeyc5hr1s2025,9
monkeyc5hr1s2026,9
monkeyc5hr1s2027,1
monkeyc5hr1s2028,1
monkeyc5hr1s2029,1
monkeyc5hr1s2030,11
monkeyc5hr1s2031,1
monkeyc5hr1s2032,6
monkeyc5hr1s2033,11
monkeyc5hr1s2034,11
monkeyc5hr1s2035,11
monkeyc5hr1s2036,9
monkeyc5hr1s2037,11
monkeyc5hr1s2038,9
monkeyc5hr1s2039,9
monkeyc5hr1s2040,11
monkeyc5hr1s2041,11
monkeyc5hr1s2042,9
monkeyc5hr1s2043,1
monkeyc5hr1s2044,11
monkeyc5hr1s2045,11
monkeyc5hr1s2046,11
monkeyc5hr1s2047,11
monkeyc5hr1s2048,9
monkeyc5hr1s2049,6
monkeyc5hr1s2050,9
monkeyc5hr1s2051,11
monkeyc5hr1s2052,11
monkeyc5hr1s2053,11
monkeyc5hr1s2054,9
monkeyc5hr1s2055,11
monkeyc5hr1s2056,11
monkeyc5hr1s2057,1
monkeyc5hr1s2058,1
monkeyc5hr1s2059,11
monkeyc5hr1s2060,11
monkeyc5hr1s2061,11
monkeyc5hr1s2062,1
monkeyc5hr1s2063,11
monkeyc5hr1s2064,11
monkeyc5hr1s2065,11
monkeyc5hr1s2066,11
monkeyc5hr1s2067,11
monkeyc5hr1s2068,11
monkeyc5hr1s2069,11
monkeyc5hr1s2070,11
monkeyc5hr1s2071,1
monkeyc5hr1s2072,11
monkeyc5hr1s2073,9
monkeyc5hr1s2074,11
monkeyc5hr1s2075,1
monkeyc5hr1s2076,11
monkeyc5hr1s2077,11
monkeyc5hr1s2078,11
monkeyc5hr1s2079,1
monkeyc5hr1s2080,11
monkeyc5hr1s2081,9
monkeyc5hr1s2082,6
monkeyc5hr1s2083,1
monkeyc5hr1s2084,1
monkeyc5hr1s2085,11
monkeyc5hr1s2086,11
monkeyc5hr1s2087,1
monkeyc5hr1s2088,9
monkeyc5hr1s2089,1
monkeyc5hr1s2090,11
monkeyc5hr1s2091,1
monkeyc5hr1s2092,1
monkeyc5hr1s2093,11
monkeyc5hr1s2094,9
monkeyc5hr1s2095,11
monkeyc5hr1s2096,11
monkeyc5hr1s2097,1
monkeyc5hr1s2098,1
monkeyc5hr1s2099,11
monkeyc5hr1s2100,11
monkeyc5hr1s2101,11
monkeyc5hr1s2102,11
monkeyc5hr1s2103,9
monkeyc5hr1s2104,11
monkeyc5hr1s2105,1
monkeyc5hr1s2106,9
monkeyc5hr1s2107,11
monkeyc5hr1s2108,11
monkeyc5hr1s2109,11
monkeyc5hr1s2110,11
monkeyc5hr1s2111,11
monkeyc5hr1s2112,1
monkeyc5hr1s2113,1
monkeyc5hr1s2114,11
monkeyc5hr1s2115,11
monkeyc5hr1s2116,1
monkeyc5hr1s2117,9
monkeyc5hr1s2118,11
monkeyc5hr1s2119,9
monkeyc5hr1s2120,11
monkeyc5hr1s2121,1
monkeyc5hr1s2122,1
monkeyc5hr1s2123,11
monkeyc5hr1s2124,11
monkeyc5hr1s2125,9
monkeyc5hr1s2126,9
monkeyc5hr1s2127,11
monkeyc5hr1s2128,11
monkeyc5hr1s2129,9
monkeyc5hr1s2130,9
monkeyc5hr1s2131,11
monkeyc5hr1s2132,1
monkeyc5hr1s2133,11
monkeyc5hr1s2134,11
monkeyc5hr1s2135,9
monkeyc5hr1s2136,11
monkeyc5hr1s2137,1
monkeyc5hr1s2138,1
monkeyc5hr1s2139,11
monkeyc5hr1s2140,1
monkeyc5hr1s2141,9
monkeyc5hr1s2142,11
monkeyc5hr1s2143,11
monkeyc5hr1s2144,1
monkeyc5hr1s2145,1
monkeyc5hr1s2146,11
monkeyc5hr1s2147,1
monkeyc5hr1s2148,11
monkeyc5hr1s2149,1
monkeyc5hr1s2150,11
monkeyc5hr1s2151,9
monkeyc5hr1s2152,9
monkeyc5hr1s2153,1
monkeyc5hr1s2154,9
monkeyc5hr1s2155,1
monkeyc5hr1s2156,1
monkeyc5hr1s2157,1
monkeyc5hr1s2158,1
monkeyc5hr1s2159,1
monkeyc5hr1s2160,11
monkeyc5hr1s2161,9
monkeyc5hr1s2162,9
monkeyc5hr1s2163,1
monkeyc5hr1s2164,11
monkeyc5hr1s2165,9
monkeyc5hr1s2166,11
monkeyc5hr1s2167,11
monkeyc5hr1s2168,9
monkeyc5hr1s2169,11
monkeyc5hr1s2170,1
monkeyc5hr1s2171,11
monkeyc5hr1s2172,11
monkeyc5hr1s2173,9
monkeyc5hr1s2174,11
monkeyc5hr1s2175,9
monkeyc5hr1s2176,11
monkeyc5hr1s2177,1
monkeyc5hr1s2178,1
monkeyc5hr1s2179,11
monkeyc5hr1s2180,1
monkeyc5hr1s2181,11
monkeyc5hr1s2182,11
monkeyc5hr1s2183,9
monkeyc5hr1s2184,1
monkeyc5hr1s2185,11
monkeyc5hr1s2186,9
monkeyc5hr1s2187,11
monkeyc5hr1s2188,11
monkeyc5hr1s2189,1
monkeyc5hr1s2190,9
monkeyc5hr1s2191,11
monkeyc5hr1s2192,1
monkeyc5hr1s2193,1
monkeyc5hr1s2194,9
monkeyc5hr1s2195,11
monkeyc5hr1s2196,11
monkeyc5hr1s2197,11
monkeyc5hr1s2198,11
monkeyc5hr1s2199,1
monkeyc5hr1s2200,1
monkeyc5hr1s2201,9
monkeyc5hr1s2202,9
monkeyc5hr1s2203,9
monkeyc5hr1s2204,9
monkeyc5hr1s2205,11
monkeyc5hr1s2206,11
monkeyc5hr1s2207,9
monkeyc5hr1s2208,1
monkeyc5hr1s2209,11
monkeyc5hr1s2210,9
monkeyc5hr1s2211,1
monkeyc5hr1s2212,9
monkeyc5hr1s2213,11
monkeyc5hr1s2214,9
monkeyc5hr1s2215,11
monkeyc5hr1s2216,11
monkeyc5hr1s2217,9
monkeyc5hr1s2218,1
monkeyc5hr1s2219,11
monkeyc5hr1s2220,11
monkeyc5hr1s2221,9
monkeyc5hr1s2222,1
monkeyc5hr1s2223,9
monkeyc5hr1s2224,11
monkeyc5hr1s2225,1
monkeyc5hr1s2226,9
monkeyc5hr1s2227,1
monkeyc5hr1s2228,1
monkeyc5hr1s2229,1
monkeyc5hr1s2230,9
monkeyc5hr1s2231,11
monkeyc5hr1s2232,9
monkeyc5hr1s2233,11
monkeyc5hr1s2234,1
monkeyc5hr1s2235,11
monkeyc5hr1s2236,1
monkeyc5hr1s2237,1
monkeyc5hr1s2238,9
monkeyc5hr1s2239,1
monkeyc5hr1s2240,11
monkeyc5hr1s2241,11
monkeyc5hr1s2242,11
monkeyc5hr1s2243,1
monkeyc5hr1s2244,9
monkeyc5hr1s2245,1
monkeyc5hr1s2246,1
monkeyc5hr1s2247,11
monkeyc5hr1s2248,1
monkeyc5hr1s2249,9
monkeyc5hr1s2250,1
monkeyc5hr1s2251,11
monkeyc5hr1s2252,11
monkeyc5hr1s2253,9
monkeyc5hr1s2254,1
monkeyc5hr1s2255,9
monkeyc5hr1s2256,11
monkeyc5hr1s2257,11
monkeyc5hr1s2258,11
monkeyc5hr1s2259,1
monkeyc5hr1s2260,1
monkeyc5hr1s2261,1
monkeyc5hr1s2262,11
monkeyc5hr1s2263,1
monkeyc5hr1s2264,11
monkeyc5hr1s2265,11
monkeyc5hr1s2266,1
monkeyc5hr1s2267,1
monkeyc5hr1s2268,11
monkeyc5hr1s2269,11
monkeyc5hr1s2270,11
monkeyc5hr1s2271,11
monkeyc5hr1s2272,11
monkeyc5hr1s2273,11
monkeyc5hr1s2274,9
monkeyc5hr1s2275,11
monkeyc5hr1s2276,11
monkeyc5hr1s2277,11
monkeyc5hr1s2278,11
monkeyc5hr1s2279,1
monkeyc5hr1s2280,9
monkeyc5hr1s2281,11
monkeyc5hr1s2282,11
monkeyc5hr1s2283,9
monkeyc5hr1s2284,11
monkeyc5hr1s2285,1
monkeyc5hr1s2286,11
monkeyc5hr1s2287,9
monkeyc5hr1s2288,11
monkeyc5hr1s2289,11
monkeyc5hr1s2290,1
monkeyc5hr1s2291,9
monkeyc5hr1s2292,1
monkeyc5hr1s2293,1
monkeyc5hr1s2294,1
monkeyc5hr1s2295,1
monkeyc5hr1s2296,11
monkeyc5hr1s2297,1
monkeyc5hr1s2298,11
monkeyc5hr1s2299,1
monkeyc5hr1s2300,9
monkeyc5hr1s2301,9
monkeyc5hr1s2302,11
monkeyc5hr1s2303,11
monkeyc5hr1s2304,11
monkeyc5hr1s2305,1
monkeyc5hr1s2306,11
monkeyc5hr1s2307,1
monkeyc5hr1s2308,11
monkeyc5hr1s2309,11
monkeyc5hr1s2310,11
monkeyc5hr1s2311,9
monkeyc5hr1s2312,9
monkeyc5hr1s2313,11
monkeyc5hr1s2314,11
monkeyc5hr1s2315,1
monkeyc5hr1s2316,1
monkeyc5hr1s2317,1
monkeyc5hr1s2318,9
monkeyc5hr1s2319,11
monkeyc5hr1s2320,11
monkeyc5hr1s2321,9
monkeyc5hr1s2322,11
monkeyc5hr1s2323,11
monkeyc5hr1s2324,9
monkeyc5hr1s2325,11
monkeyc5hr1s2326,1
monkeyc5hr1s2327,11
monkeyc5hr1s2328,11
monkeyc5hr1s2329,1
monkeyc5hr1s2330,1
monkeyc5hr1s2331,1
monkeyc5hr1s2332,11
monkeyc5hr1s2333,11
monkeyc5hr1s2334,1
monkeyc5hr1s2335,11
monkeyc5hr1s2336,1
monkeyc5hr1s2337,1
monkeyc5hr1s2338,1
monkeyc5hr1s2339,9
monkeyc5hr1s2340,9
monkeyc5hr1s2341,1
monkeyc5hr1s2342,11
monkeyc5hr1s2343,1
monkeyc5hr1s2344,1
monkeyc5hr1s2345,1
monkeyc5hr1s2346,1
monkeyc5hr1s2347,1
monkeyc5hr1s2348,9
monkeyc5hr1s2349,11
monkeyc5hr1s2350,11
monkeyc5hr1s2351,1
monkeyc5hr1s2352,11
monkeyc5hr1s2353,1
monkeyc5hr1s2354,11
monkeyc5hr1s2355,9
monkeyc5hr1s2356,1
monkeyc5hr1s2357,11
monkeyc5hr1s2358,11
monkeyc5hr1s2359,1
monkeyc5hr1s2360,11
monkeyc5hr1s2361,1
monkeyc5hr1s2362,9
monkeyc5hr1s2363,1
monkeyc5hr1s2364,1
monkeyc5hr1s2365,6
monkeyc5hr1s2366,11
monkeyc5hr1s2367,11
monkeyc5hr1s2368,11
monkeyc5hr1s2369,1
monkeyc5hr1s2370,11
monkeyc5hr1s2371,11
monkeyc5hr1s2372,1
monkeyc5hr1s2373,11
monkeyc5hr1s2374,1
monkeyc5hr1s2375,1
monkeyc5hr1s2376,11
monkeyc5hr1s2377,1
monkeyc5hr1s2378,1
monkeyc5hr1s2379,1
monkeyc5hr1s2380,9
monkeyc5hr1s2381,11
monkeyc5hr1s2382,11
monkeyc5hr1s2383,11
monkeyc5hr1s2384,11
monkeyc5hr1s2385,11
monkeyc5hr1s2386,11
monkeyc5hr1s2387,1
monkeyc5hr1s2388,11
monkeyc5hr1s2389,11
monkeyc5hr1s2390,9
monkeyc5hr1s2391,11
monkeyc5hr1s2392,1
monkeyc5hr1s2393,1
monkeyc5hr1s2394,1
monkeyc5hr1s2395,1
monkeyc5hr1s2396,9
monkeyc5hr1s2397,11
monkeyc5hr1s2398,11
monkeyc5hr1s2399,11
monkeyc5hr1s2400,9
monkeyc5hr1s2401,11
monkeyc5hr1s2402,11
monkeyc5hr1s2403,11
monkeyc5hr1s2404,1
monkeyc5hr1s2405,1
monkeyc5hr1s2406,11
monkeyc5hr1s2407,1
monkeyc5hr1s2408,9
monkeyc5hr1s2409,11
monkeyc5hr1s2410,11
monkeyc5hr1s2411,11
monkeyc5hr1s2412,11
monkeyc5hr1s2413,1
monkeyc5hr1s2414,9
monkeyc5hr1s2415,11
monkeyc5hr1s2416,1
monkeyc5hr1s2417,11
monkeyc5hr1s2418,9
monkeyc5hr1s2419,1
monkeyc5hr1s2420,9
monkeyc5hr1s2421,1
monkeyc5hr1s2422,11
monkeyc5hr1s2423,1
monkeyc5hr1s2424,11
monkeyc5hr1s2425,11
monkeyc5hr1s2426,1
monkeyc5hr1s2427,11
monkeyc5hr1s2428,1
monkeyc5hr1s2429,11
monkeyc5hr1s2430,11
monkeyc5hr1s2431,9
monkeyc5hr1s2432,11
monkeyc5hr1s2433,1
monkeyc5hr1s2434,1
monkeyc5hr1s2435,11
monkeyc5hr1s2436,11
monkeyc5hr1s2437,11
monkeyc5hr1s2438,1
monkeyc5hr1s2439,11
monkeyc5hr1s2440,11
monkeyc5hr1s2441,1
monkeyc5hr1s2442,11
monkeyc5hr1s2443,11
monkeyc5hr1s2444,11
monkeyc5hr1s2445,9
monkeyc5hr1s2446,1
monkeyc5hr1s2447,11
monkeyc5hr1s2448,11
monkeyc5hr1s2449,11
monkeyc5hr1s2450,11
monkeyc5hr1s2451,1
monkeyc5hr1s2452,11
monkeyc5hr1s2453,11
monkeyc5hr1s2454,1
monkeyc5hr1s2455,11
monkeyc5hr1s2456,11
monkeyc5hr1s2457,9
monkeyc5hr1s2458,1
monkeyc5hr1s2459,1
monkeyc5hr1s2460,11
monkeyc5hr1s2461,11
monkeyc5hr1s2462,11
monkeyc5hr1s2463,11
monkeyc5hr1s2464,6
monkeyc5hr1s2465,1
monkeyc5hr1s2466,11
monkeyc5hr1s2467,11
monkeyc5hr1s2468,11
monkeyc5hr1s2469,11
monkeyc5hr1s2470,11
monkeyc5hr1s2471,11
monkeyc5hr1s2472,1
monkeyc5hr1s2473,11
monkeyc5hr1s2474,11
monkeyc5hr1s2475,9
monkeyc5hr1s2476,11
monkeyc5hr1s2477,1
monkeyc5hr1s2478,1
monkeyc5hr1s2479,11
monkeyc5hr1s2480,1
monkeyc5hr1s2481,1
monkeyc5hr1s2482,1
monkeyc5hr1s2483,11
monkeyc5hr1s2484,11
monkeyc5hr1s2485,1
monkeyc5hr1s2486,11
monkeyc5hr1s2487,1
monkeyc5hr1s2488,9
monkeyc5hr1s2489,1
monkeyc5hr1s2490,11
monkeyc5hr1s2491,9
monkeyc5hr1s2492,11
monkeyc5hr1s2493,9
monkeyc5hr1s2494,1
monkeyc5hr1s2495,9
monkeyc5hr1s2496,9
monkeyc5hr1s2497,9
monkeyc5hr1s2498,1
monkeyc5hr1s2499,1
monkeyc5hr1s2500,11
monkeyc6r1s2501,11
monkeyc6r1s2502,3
monkeyc6r1s2503,11
monkeyc6r1s2504,6
monkeyc6r1s2505,11
monkeyc6r1s2506,0
monkeyc6r1s2507,1
monkeyc6r1s2508,3
monkeyc6r1s2509,11
monkeyc6r1s2510,3
monkeyc6r1s2511,11
monkeyc6r1s2512,0
monkeyc6r1s2513,9
monkeyc6r1s2514,9
monkeyc6r1s2515,9
monkeyc6r1s2516,3
monkeyc6r1s2517,11
monkeyc6r1s2518,3
monkeyc6r1s2519,11
monkeyc6r1s2520,10
monkeyc6r1s2521,11
monkeyc6r1s2522,0
monkeyc6r1s2523,1
monkeyc6r1s2524,3
monkeyc6r1s2525,9
monkeyc6r1s2526,9
monkeyc6r1s2527,1
monkeyc6r1s2528,10
monkeyc6r1s2529,1
monkeyc6r1s2530,11
monkeyc6r1s2531,1
monkeyc6r1s2532,3
monkeyc6r1s2533,11
monkeyc6r1s2534,3
monkeyc6r1s2535,11
monkeyc6r1s2536,6
monkeyc6r1s2537,9
monkeyc6r1s2538,3
monkeyc6r1s2539,11
monkeyc6r1s2540,1
monkeyc6r1s2541,11
monkeyc6r1s2542,6
monkeyc6r1s2543,1
monkeyc6r1s2544,3
monkeyc6r1s2545,11
monkeyc6r1s2546,11
monkeyc6r1s2547,1
monkeyc6r1s2548,6
monkeyc6r1s2549,1
monkeyc6r1s2550,3
monkeyc6r1s2551,1
monkeyc6r1s2552,9
monkeyc6r1s2553,1
monkeyc6r1s2554,3
monkeyc6r1s2555,11
monkeyc6r1s2556,9
monkeyc6r1s2557,11
monkeyc6r1s2558,3
monkeyc6r1s2559,11
monkeyc6r1s2560,3
monkeyc6r1s2561,11
monkeyc6r1s2562,6
monkeyc6r1s2563,1
monkeyc6r1s2564,6
monkeyc6r1s2565,1
monkeyc6r1s2566,3
monkeyc6r1s2567,1
monkeyc6r1s2568,3
monkeyc6r1s2569,11
monkeyc6r1s2570,0
monkeyc6r1s2571,1
monkeyc6r1s2572,11
monkeyc6r1s2573,9
monkeyc6r1s2574,3
monkeyc6r1s2575,1
monkeyc6r1s2576,3
monkeyc6r1s2577,3
monkeyc6r1s2578,6
monkeyc6r1s2579,1
monkeyc6r1s2580,6
monkeyc6r1s2581,1
monkeyc6r1s2582,3
monkeyc6r1s2583,9
monkeyc6r1s2584,0
monkeyc6r1s2585,11
monkeyc6r1s2586,0
monkeyc6r1s2587,11
monkeyc6r1s2588,9
monkeyc6r1s2589,1
monkeyc6r1s2590,3
monkeyc6r1s2591,11
monkeyc6r1s2592,3
monkeyc6r1s2593,1
monkeyc6r1s2594,3
monkeyc6r1s2595,11
monkeyc6r1s2596,11
monkeyc6r1s2597,11
monkeyc6r1s2598,6
monkeyc6r1s2599,9
monkeyc6r1s2600,3
monkeyc6r1s2601,9
monkeyc6r1s2602,10
monkeyc6r1s2603,11
monkeyc6r1s2604,1
monkeyc6r1s2605,11
monkeyc6r1s2606,6
monkeyc6r1s2607,11
monkeyc6r1s2608,6
monkeyc6r1s2609,9
monkeyc6r1s2610,9
monkeyc6r1s2611,11
monkeyc6r1s2612,6
monkeyc6r1s2613,1
monkeyc6r1s2614,0
monkeyc6r1s2615,11
monkeyc6r1s2616,9
monkeyc6r1s2617,1
monkeyc6r1s2618,10
monkeyc6r1s2619,1
monkeyc6r1s2620,3
monkeyc6r1s2621,11
monkeyc6r1s2622,6
monkeyc6r1s2623,1
monkeyc6r1s2624,6
monkeyc6r1s2625,11
monkeyc6r1s2626,6
monkeyc6r1s2627,1
monkeyc6r1s2628,3
monkeyc6r1s2629,11
monkeyc6r1s2630,9
monkeyc6r1s2631,3
monkeyc6r1s2632,9
monkeyc6r1s2633,1
monkeyc6r1s2634,6
monkeyc6r1s2635,11
monkeyc6r1s2636,6
monkeyc6r1s2637,3
monkeyc6r1s2638,10
monkeyc6r1s2639,9
monkeyc6r1s2640,6
monkeyc6r1s2641,11
monkeyc6r1s2642,9
monkeyc6r1s2643,1
monkeyc6r1s2644,11
monkeyc6r1s2645,1
monkeyc6r1s2646,6
monkeyc6r1s2647,11
monkeyc6r1s2648,10
monkeyc6r1s2649,9
monkeyc6r1s2650,6
monkeyc6r1s2651,3
monkeyc6r1s2652,3
monkeyc6r1s2653,1
monkeyc6r1s2654,3
monkeyc6r1s2655,1
monkeyc6r1s2656,10
monkeyc6r1s2657,1
monkeyc6r1s2658,0
monkeyc6r1s2659,11
monkeyc6r1s2660,6
monkeyc6r1s2661,1
monkeyc6r1s2662,3
monkeyc6r1s2663,9
monkeyc6r1s2664,6
monkeyc6r1s2665,9
monkeyc6r1s2666,0
monkeyc6r1s2667,11
monkeyc6r1s2668,6
monkeyc6r1s2669,1
monkeyc6r1s2670,6
monkeyc6r1s2671,9
monkeyc6r1s2672,3
monkeyc6r1s2673,1
monkeyc6r1s2674,3
monkeyc6r1s2675,11
monkeyc6r1s2676,11
monkeyc6r1s2677,11
monkeyc6r1s2678,3
monkeyc6r1s2679,9
monkeyc6r1s2680,6
monkeyc6r1s2681,9
monkeyc6r1s2682,1
monkeyc6r1s2683,1
monkeyc6r1s2684,0
monkeyc6r1s2685,11
monkeyc6r1s2686,10
monkeyc6r1s2687,1
monkeyc6r1s2688,6
monkeyc6r1s2689,11
monkeyc6r1s2690,6
monkeyc6r1s2691,9
monkeyc6r1s2692,3
monkeyc6r1s2693,11
monkeyc6r1s2694,3
monkeyc6r1s2695,9
monkeyc6r1s2696,0
monkeyc6r1s2697,9
monkeyc6r1s2698,6
monkeyc6r1s2699,11
monkeyc6r1s2700,6
monkeyc6r1s2701,3
monkeyc6r1s2702,3
monkeyc6r1s2703,9
monkeyc6r1s2704,3
monkeyc6r1s2705,9
monkeyc6r1s2706,9
monkeyc6r1s2707,1
monkeyc6r1s2708,1
monkeyc6r1s2709,9
monkeyc6r1s2710,0
monkeyc6r1s2711,9
monkeyc6r1s2712,6
monkeyc6r1s2713,6
monkeyc6r1s2714,3
monkeyc6r1s2715,1
monkeyc6r1s2716,10
monkeyc6r1s2717,1
monkeyc6r1s2718,6
monkeyc6r1s2719,11
monkeyc6r1s2720,3
monkeyc6r1s2721,1
monkeyc6r1s2722,3
monkeyc6r1s2723,1
monkeyc6r1s2724,3
monkeyc6r1s2725,1
monkeyc6r1s2726,11
monkeyc6r1s2727,1
monkeyc6r1s2728,0
monkeyc6r1s2729,11
monkeyc6r1s2730,6
monkeyc6r1s2731,1
monkeyc6r1s2732,3
monkeyc6r1s2733,1
monkeyc6r1s2734,6
monkeyc6r1s2735,1
monkeyc6r1s2736,6
monkeyc6r1s2737,9
monkeyc6r1s2738,3
monkeyc6r1s2739,11
monkeyc6r1s2740,6
monkeyc6r1s2741,9
monkeyc6r1s2742,3
monkeyc6r1s2743,1
monkeyc6r1s2744,0
monkeyc6r1s2745,1
monkeyc6r1s2746,11
monkeyc6r1s2747,9
monkeyc6r1s2748,6
monkeyc6r1s2749,11
monkeyc6r1s2750,11
monkeyc6r1s2751,11
monkeyc6r1s2752,0
monkeyc6r1s2753,11
monkeyc6r1s2754,0
monkeyc6r1s2755,6
monkeyc6r1s2756,10
monkeyc6r1s2757,11
monkeyc6r1s2758,0
monkeyc6r1s2759,11
monkeyc6r1s2760,6
monkeyc6r1s2761,1
monkeyc6r1s2762,6
monkeyc6r1s2763,11
monkeyc6r1s2764,11
monkeyc6r1s2765,1
monkeyc6r1s2766,6
monkeyc6r1s2767,6
monkeyc6r1s2768,3
monkeyc6r1s2769,11
monkeyc6r1s2770,3
monkeyc6r1s2771,1
monkeyc6r1s2772,6
monkeyc6r1s2773,11
monkeyc6r1s2774,3
monkeyc6r1s2775,3
monkeyc6r1s2776,3
monkeyc6r1s2777,9
monkeyc6r1s2778,3
monkeyc6r1s2779,11
monkeyc6r1s2780,3
monkeyc6r1s2781,9
monkeyc6r1s2782,6
monkeyc6r1s2783,1
monkeyc6r1s2784,9
monkeyc6r1s2785,11
monkeyc6r1s2786,0
monkeyc6r1s2787,6
monkeyc6r1s2788,6
monkeyc6r1s2789,6
monkeyc6r1s2790,3
monkeyc6r1s2791,1
monkeyc6r1s2792,11
monkeyc6r1s2793,9
monkeyc6r1s2794,3
monkeyc6r1s2795,11
monkeyc6r1s2796,6
monkeyc6r1s2797,1
monkeyc6r1s2798,9
monkeyc6r1s2799,9
monkeyc6r1s2800,3
monkeyc6r1s2801,11
monkeyc6r1s2802,3
monkeyc6r1s2803,11
monkeyc6r1s2804,3
monkeyc6r1s2805,1
monkeyc6r1s2806,9
monkeyc6r1s2807,9
monkeyc6r1s2808,10
monkeyc6r1s2809,11
monkeyc6r1s2810,3
monkeyc6r1s2811,1
monkeyc6r1s2812,6
monkeyc6r1s2813,1
monkeyc6r1s2814,6
monkeyc6r1s2815,1
monkeyc6r1s2816,10
monkeyc6r1s2817,1
monkeyc6r1s2818,6
monkeyc6r1s2819,1
monkeyc6r1s2820,11
monkeyc6r1s2821,1
monkeyc6r1s2822,3
monkeyc6r1s2823,11
monkeyc6r1s2824,3
monkeyc6r1s2825,11
monkeyc6r1s2826,6
monkeyc6r1s2827,11
monkeyc6r1s2828,3
monkeyc6r1s2829,11
monkeyc6r1s2830,6
monkeyc6r1s2831,11
monkeyc6r1s2832,3
monkeyc6r1s2833,1
monkeyc6r1s2834,3
monkeyc6r1s2835,11
monkeyc6r1s2836,3
monkeyc6r1s2837,11
monkeyc6r1s2838,3
monkeyc6r1s2839,1
monkeyc6r1s2840,6
monkeyc6r1s2841,11
monkeyc6r1s2842,3
monkeyc6r1s2843,11
monkeyc6r1s2844,6
monkeyc6r1s2845,1
monkeyc6r1s2846,6
monkeyc6r1s2847,1
monkeyc6r1s2848,3
monkeyc6r1s2849,1
monkeyc6r1s2850,3
monkeyc6r1s2851,11
monkeyc6r1s2852,6
monkeyc6r1s2853,11
monkeyc6r1s2854,3
monkeyc6r1s2855,9
monkeyc6r1s2856,6
monkeyc6r1s2857,9
monkeyc6r1s2858,11
monkeyc6r1s2859,11
monkeyc6r1s2860,6
monkeyc6r1s2861,11
monkeyc6r1s2862,0
monkeyc6r1s2863,1
monkeyc6r1s2864,3
monkeyc6r1s2865,11
monkeyc6r1s2866,3
monkeyc6r1s2867,9
monkeyc6r1s2868,3
monkeyc6r1s2869,11
monkeyc6r1s2870,9
monkeyc6r1s2871,1
monkeyc6r1s2872,9
monkeyc6r1s2873,9
monkeyc6r1s2874,10
monkeyc6r1s2875,11
monkeyc6r1s2876,3
monkeyc6r1s2877,1
monkeyc6r1s2878,6
monkeyc6r1s2879,11
monkeyc6r1s2880,6
monkeyc6r1s2881,11
monkeyc6r1s2882,6
monkeyc6r1s2883,9
monkeyc6r1s2884,3
monkeyc6r1s2885,11
monkeyc6r1s2886,10
monkeyc6r1s2887,9
monkeyc6r1s2888,0
monkeyc6r1s2889,1
monkeyc6r1s2890,6
monkeyc6r1s2891,1
monkeyc6r1s2892,0
monkeyc6r1s2893,11
monkeyc6r1s2894,6
monkeyc6r1s2895,1
monkeyc6r1s2896,0
monkeyc6r1s2897,1
monkeyc6r1s2898,6
monkeyc6r1s2899,9
monkeyc6r1s2900,10
monkeyc6r1s2901,11
monkeyc6r1s2902,3
monkeyc6r1s2903,11
monkeyc6r1s2904,10
monkeyc6r1s2905,1
monkeyc6r1s2906,0
monkeyc6r1s2907,1
monkeyc6r1s2908,3
monkeyc6r1s2909,11
monkeyc6r1s2910,6
monkeyc6r1s2911,1
monkeyc6r1s2912,3
monkeyc6r1s2913,9
monkeyc6r1s2914,9
monkeyc6r1s2915,1
monkeyc6r1s2916,3
monkeyc6r1s2917,9
monkeyc6r1s2918,6
monkeyc6r1s2919,11
monkeyc6r1s2920,9
monkeyc6r1s2921,11
monkeyc6r1s2922,0
monkeyc6r1s2923,6
monkeyc6r1s2924,3
monkeyc6r1s2925,1
monkeyc6r1s2926,3
monkeyc6r1s2927,1
monkeyc6r1s2928,0
monkeyc6r1s2929,11
monkeyc6r1s2930,0
monkeyc6r1s2931,11
monkeyc6r1s2932,10
monkeyc6r1s2933,1
monkeyc6r1s2934,6
monkeyc6r1s2935,1
monkeyc6r1s2936,6
monkeyc6r1s2937,6
monkeyc6r1s2938,6
monkeyc6r1s2939,11
monkeyc6r1s2940,10
monkeyc6r1s2941,1
monkeyc6r1s2942,3
monkeyc6r1s2943,11
monkeyc6r1s2944,3
monkeyc6r1s2945,11
monkeyc6r1s2946,6
monkeyc6r1s2947,9
monkeyc6r1s2948,3
monkeyc6r1s2949,9
monkeyc6r1s2950,3
monkeyc6r1s2951,6
monkeyc6r1s2952,11
monkeyc6r1s2953,9
monkeyc6r1s2954,3
monkeyc6r1s2955,1
monkeyc6r1s2956,9
monkeyc6r1s2957,1
monkeyc6r1s2958,3
monkeyc6r1s2959,9
monkeyc6r1s2960,9
monkeyc6r1s2961,11
monkeyc6r1s2962,9
monkeyc6r1s2963,1
monkeyc6r1s2964,6
monkeyc6r1s2965,11
monkeyc6r1s2966,3
monkeyc6r1s2967,1
monkeyc6r1s2968,6
monkeyc6r1s2969,9
monkeyc6r1s2970,6
monkeyc6r1s2971,1
monkeyc6r1s2972,9
monkeyc6r1s2973,11
monkeyc6r1s2974,3
monkeyc6r1s2975,1
monkeyc6r1s2976,3
monkeyc6r1s2977,1
monkeyc6r1s2978,11
monkeyc6r1s2979,1
monkeyc6r1s2980,3
monkeyc6r1s2981,1
monkeyc6r1s2982,1
monkeyc6r1s2983,1
monkeyc6r1s2984,10
monkeyc6r1s2985,11
monkeyc6r1s2986,6
monkeyc6r1s2987,1
monkeyc6r1s2988,1
monkeyc6r1s2989,9
monkeyc6r1s2990,6
monkeyc6r1s2991,11
monkeyc6r1s2992,3
monkeyc6r1s2993,11
monkeyc6r1s2994,9
monkeyc6r1s2995,1
monkeyc6r1s2996,6
monkeyc6r1s2997,3
monkeyc6r1s2998,9
monkeyc6r1s2999,1
monkeyc6r1s3000,9
monkeyc7sp1s3001,5
monkeyc7sp1s3002,5
monkeyc7sp1s3003,8
monkeyc7sp1s3004,8
monkeyc7sp1s3005,8
monkeyc7sp1s3006,8
monkeyc7sp1s3007,0
monkeyc7sp1s3008,0
monkeyc7sp1s3009,0
monkeyc7sp1s3010,0
monkeyc7sp1s3011,0
monkeyc7sp1s3012,0
monkeyc7sp1s3013,5
monkeyc7sp1s3014,0
monkeyc7sp1s3015,0
monkeyc7sp1s3016,0
monkeyc7sp1s3017,0
monkeyc7sp1s3018,0
monkeyc7sp1s3019,0
monkeyc7sp1s3020,0
monkeyc7sp1s3021,0
monkeyc7sp1s3022,0
monkeyc7sp1s3023,0
monkeyc7sp1s3024,5
monkeyc7sp1s3025,0
monkeyc7sp1s3026,0
monkeyc7sp1s3027,0
monkeyc7sp1s3028,0
monkeyc7sp1s3029,0
monkeyc7sp1s3030,0
monkeyc7sp1s3031,0
monkeyc7sp1s3032,0
monkeyc7sp1s3033,0
monkeyc7sp1s3034,0
monkeyc7sp1s3035,5
monkeyc7sp1s3036,0
monkeyc7sp1s3037,0
monkeyc7sp1s3038,0
monkeyc7sp1s3039,0
monkeyc7sp1s3040,0
monkeyc7sp1s3041,0
monkeyc7sp1s3042,0
monkeyc7sp1s3043,0
monkeyc7sp1s3044,0
monkeyc7sp1s3045,0
monkeyc7sp1s3046,5
monkeyc7sp1s3047,0
monkeyc7sp1s3048,0
monkeyc7sp1s3049,0
monkeyc7sp1s3050,0
monkeyc7sp1s3051,0
monkeyc7sp1s3052,0
monkeyc7sp1s3053,0
monkeyc7sp1s3054,0
monkeyc7sp1s3055,0
monkeyc7sp1s3056,0
monkeyc7sp1s3057,5
monkeyc7sp1s3058,0
monkeyc7sp1s3059,0
monkeyc7sp1s3060,0
monkeyc7sp1s3061,0
monkeyc7sp1s3062,0
monkeyc7sp1s3063,0
monkeyc7sp1s3064,0
monkeyc7sp1s3065,0
monkeyc7sp1s3066,0
monkeyc7sp1s3067,0
monkeyc7sp1s3068,5
monkeyc7sp1s3069,0
monkeyc7sp1s3070,0
monkeyc7sp1s3071,0
monkeyc7sp1s3072,0
monkeyc7sp1s3073,0
monkeyc7sp1s3074,0
monkeyc7sp1s3075,0
monkeyc7sp1s3076,0
monkeyc7sp1s3077,0
monkeyc7sp1s3078,0
monkeyc7sp1s3079,8
monkeyc7sp1s3080,0
monkeyc7sp1s3081,0
monkeyc7sp1s3082,0
monkeyc7sp1s3083,0
monkeyc7sp1s3084,0
monkeyc7sp1s3085,0
monkeyc7sp1s3086,0
monkeyc7sp1s3087,0
monkeyc7sp1s3088,0
monkeyc7sp1s3089,0
monkeyc7sp1s3090,8
monkeyc7sp1s3091,0
monkeyc7sp1s3092,0
monkeyc7sp1s3093,0
monkeyc7sp1s3094,0
monkeyc7sp1s3095,0
monkeyc7sp1s3096,0
monkeyc7sp1s3097,0
monkeyc7sp1s3098,0
monkeyc7sp1s3099,0
monkeyc7sp1s3100,0
monkeyc7sp1s3101,8
monkeyc7sp1s3102,0
monkeyc7sp1s3103,0
monkeyc7sp1s3104,0
monkeyc7sp1s3105,0
monkeyc7sp1s3106,0
monkeyc7sp1s3107,0
monkeyc7sp1s3108,0
monkeyc7sp1s3109,0
monkeyc7sp1s3110,0
monkeyc7sp1s3111,0
monkeyc7sp1s3112,5
monkeyc7sp1s3113,8
monkeyc7sp1s3114,0
monkeyc7sp1s3115,0
monkeyc7sp1s3116,0
monkeyc7sp1s3117,0
monkeyc7sp1s3118,0
monkeyc7sp1s3119,0
monkeyc7sp1s3120,0
monkeyc7sp1s3121,0
monkeyc7sp1s3122,0
monkeyc7sp1s3123,0
monkeyc7sp1s3124,8
monkeyc7sp1s3125,0
monkeyc7sp1s3126,0
monkeyc7sp1s3127,0
monkeyc7sp1s3128,0
monkeyc7sp1s3129,0
monkeyc7sp1s3130,0
monkeyc7sp1s3131,0
monkeyc7sp1s3132,0
monkeyc7sp1s3133,0
monkeyc7sp1s3134,5
monkeyc7sp1s3135,8
monkeyc7sp1s3136,5
monkeyc7sp1s3137,5
monkeyc7sp1s3138,5
monkeyc7sp1s3139,5
monkeyc7sp1s3140,5
monkeyc7sp1s3141,5
monkeyc7sp1s3142,5
monkeyc7sp1s3143,5
monkeyc7sp1s3144,5
monkeyc7sp1s3145,5
monkeyc7sp1s3146,8
monkeyc7sp1s3147,5
monkeyc7sp1s3148,5
monkeyc7sp1s3149,5
monkeyc7sp1s3150,5
monkeyc7sp1s3151,5
monkeyc7sp1s3152,5
monkeyc7sp1s3153,5
monkeyc7sp1s3154,5
monkeyc7sp1s3155,5
monkeyc7sp1s3156,5
monkeyc7sp1s3157,8
monkeyc7sp1s3158,5
monkeyc7sp1s3159,5
monkeyc7sp1s3160,5
monkeyc7sp1s3161,5
monkeyc7sp1s3162,5
monkeyc7sp1s3163,5
monkeyc7sp1s3164,5
monkeyc7sp1s3165,5
monkeyc7sp1s3166,5
monkeyc7sp1s3167,5
monkeyc7sp1s3168,8
monkeyc7sp1s3169,5
monkeyc7sp1s3170,5
monkeyc7sp1s3171,5
monkeyc7sp1s3172,5
monkeyc7sp1s3173,5
monkeyc7sp1s3174,5
monkeyc7sp1s3175,5
monkeyc7sp1s3176,5
monkeyc7sp1s3177,5
monkeyc7sp1s3178,5
monkeyc7sp1s3179,8
monkeyc7sp1s3180,5
monkeyc7sp1s3181,5
monkeyc7sp1s3182,5
monkeyc7sp1s3183,5
monkeyc7sp1s3184,5
monkeyc7sp1s3185,5
monkeyc7sp1s3186,5
monkeyc7sp1s3187,5
monkeyc7sp1s3188,5
monkeyc7sp1s3189,5
monkeyc7sp1s3190,8
monkeyc7sp1s3191,5
monkeyc7sp1s3192,5
monkeyc7sp1s3193,5
monkeyc7sp1s3194,5
monkeyc7sp1s3195,5
monkeyc7sp1s3196,5
monkeyc7sp1s3197,5
monkeyc7sp1s3198,5
monkeyc7sp1s3199,5
monkeyc7sp1s3200,5
monkeyc7sp1s3201,8
monkeyc7sp1s3202,5
monkeyc7sp1s3203,5
monkeyc7sp1s3204,5
monkeyc7sp1s3205,5
monkeyc7sp1s3206,5
monkeyc7sp1s3207,5
monkeyc7sp1s3208,5
monkeyc7sp1s3209,5
monkeyc7sp1s3210,5
monkeyc7sp1s3211,5
monkeyc7sp1s3212,8
monkeyc7sp1s3213,5
monkeyc7sp1s3214,5
monkeyc7sp1s3215,5
monkeyc7sp1s3216,5
monkeyc7sp1s3217,5
monkeyc7sp1s3218,5
monkeyc7sp1s3219,5
monkeyc7sp1s3220,5
monkeyc7sp1s3221,5
monkeyc7sp1s3222,5
monkeyc7sp1s3223,5
monkeyc7sp1s3224,8
monkeyc7sp1s3225,5
monkeyc7sp1s3226,5
monkeyc7sp1s3227,5
monkeyc7sp1s3228,5
monkeyc7sp1s3229,5
monkeyc7sp1s3230,5
monkeyc7sp1s3231,5
monkeyc7sp1s3232,5
monkeyc7sp1s3233,5
monkeyc7sp1s3234,5
monkeyc7sp1s3235,8
monkeyc7sp1s3236,5
monkeyc7sp1s3237,5
monkeyc7sp1s3238,5
monkeyc7sp1s3239,5
monkeyc7sp1s3240,5
monkeyc7sp1s3241,5
monkeyc7sp1s3242,5
monkeyc7sp1s3243,5
monkeyc7sp1s3244,5
monkeyc7sp1s3245,5
monkeyc7sp1s3246,8
monkeyc7sp1s3247,5
monkeyc7sp1s3248,5
monkeyc7sp1s3249,5
monkeyc7sp1s3250,5
monkeyc7sp1s3251,5
monkeyc7sp1s3252,5
monkeyc7sp1s3253,5
monkeyc7sp1s3254,5
monkeyc7sp1s3255,5
monkeyc7sp1s3256,5
monkeyc7sp1s3257,8
monkeyc7sp1s3258,5
monkeyc7sp1s3259,5
monkeyc7sp1s3260,5
monkeyc7sp1s3261,5
monkeyc7sp1s3262,5
monkeyc7sp1s3263,5
monkeyc7sp1s3264,5
monkeyc7sp1s3265,5
monkeyc7sp1s3266,5
monkeyc7sp1s3267,5
monkeyc7sp1s3268,8
monkeyc7sp1s3269,5
monkeyc7sp1s3270,5
monkeyc7sp1s3271,5
monkeyc7sp1s3272,8
monkeyc7sp1s3273,8
monkeyc7sp1s3274,8
monkeyc7sp1s3275,8
monkeyc7sp1s3276,8
monkeyc7sp1s3277,8
monkeyc7sp1s3278,8
monkeyc7sp1s3279,8
monkeyc7sp1s3280,8
monkeyc7sp1s3281,8
monkeyc7sp1s3282,8
monkeyc7sp1s3283,8
monkeyc7sp1s3284,8
monkeyc7sp1s3285,8
monkeyc7sp1s3286,8
monkeyc7sp1s3287,8
monkeyc7sp1s3288,8
monkeyc7sp1s3289,8
monkeyc7sp1s3290,8
monkeyc7sp1s3291,8
monkeyc7sp1s3292,8
monkeyc7sp1s3293,8
monkeyc7sp1s3294,8
monkeyc7sp1s3295,8
monkeyc7sp1s3296,8
monkeyc7sp1s3297,8
monkeyc7sp1s3298,8
monkeyc7sp1s3299,8
monkeyc7sp1s3300,8
monkeyc7sp1s3301,8
monkeyc7sp1s3302,8
monkeyc7sp1s3303,8
monkeyc7sp1s3304,8
monkeyc7sp1s3305,8
monkeyc7sp1s3306,8
monkeyc7sp1s3307,8
monkeyc7sp1s3308,8
monkeyc7sp1s3309,8
monkeyc7sp1s3310,8
monkeyc7sp1s3311,8
monkeyc7sp1s3312,8
monkeyc7sp1s3313,8
monkeyc7sp1s3314,8
monkeyc7sp1s3315,8
monkeyc7sp1s3316,8
monkeyc7sp1s3317,8
monkeyc7sp1s3318,8
monkeyc7sp1s3319,8
monkeyc7sp1s3320,8
monkeyc7sp1s3321,8
monkeyc7sp1s3322,8
monkeyc7sp1s3323,8
monkeyc7sp1s3324,8
monkeyc7sp1s3325,8
monkeyc7sp1s3326,8
monkeyc7sp1s3327,8
monkeyc7sp1s3328,8
monkeyc7sp1s3329,8
monkeyc7sp1s3330,8
monkeyc7sp1s3331,8
monkeyc7sp1s3332,8
monkeyc7sp1s3333,8
monkeyc7sp1s3334,5
monkeyc7sp1s3335,8
monkeyc7sp1s3336,8
monkeyc7sp1s3337,8
monkeyc7sp1s3338,8
monkeyc7sp1s3339,8
monkeyc7sp1s3340,8
monkeyc7sp1s3341,8
monkeyc7sp1s3342,8
monkeyc7sp1s3343,8
monkeyc7sp1s3344,8
monkeyc7sp1s3345,8
monkeyc7sp1s3346,8
monkeyc7sp1s3347,8
monkeyc7sp1s3348,8
monkeyc7sp1s3349,8
monkeyc7sp1s3350,8
monkeyc7sp1s3351,8
monkeyc7sp1s3352,8
monkeyc7sp1s3353,8
monkeyc7sp1s3354,8
monkeyc7sp1s3355,8
monkeyc7sp1s3356,8
monkeyc7sp1s3357,8
monkeyc7sp1s3358,8
monkeyc7sp1s3359,8
monkeyc7sp1s3360,8
monkeyc7sp1s3361,8
monkeyc7sp1s3362,8
monkeyc7sp1s3363,8
monkeyc7sp1s3364,8
monkeyc7sp1s3365,8
monkeyc7sp1s3366,8
monkeyc7sp1s3367,8
monkeyc7sp1s3368,8
monkeyc7sp1s3369,8
monkeyc7sp1s3370,8
monkeyc7sp1s3371,8
monkeyc7sp1s3372,8
monkeyc7sp1s3373,8
monkeyc7sp1s3374,8
monkeyc7sp1s3375,8
monkeyc7sp1s3376,8
monkeyc7sp1s3377,0
monkeyc7sp1s3378,0
monkeyc7sp1s3379,8
monkeyc7sp1s3380,0
monkeyc7sp1s3381,0
monkeyc7sp1s3382,0
monkeyc7sp1s3383,0
monkeyc7sp1s3384,0
monkeyc7sp1s3385,0
monkeyc7sp1s3386,0
monkeyc7sp1s3387,0
monkeyc7sp1s3388,0
monkeyc7sp1s3389,0
monkeyc7sp1s3390,8
monkeyc7sp1s3391,0
monkeyc7sp1s3392,0
monkeyc7sp1s3393,0
monkeyc7sp1s3394,0
monkeyc7sp1s3395,0
monkeyc7sp1s3396,0
monkeyc7sp1s3397,0
monkeyc7sp1s3398,0
monkeyc7sp1s3399,0
monkeyc7sp1s3400,0
monkeyc7sp1s3401,8
monkeyc7sp1s3402,0
monkeyc7sp1s3403,0
monkeyc7sp1s3404,0
monkeyc7sp1s3405,0
monkeyc7sp1s3406,0
monkeyc7sp1s3407,0
monkeyc7sp1s3408,0
monkeyc7sp1s3409,0
monkeyc7sp1s3410,0
monkeyc7sp1s3411,0
monkeyc7sp1s3412,8
monkeyc7sp1s3413,0
monkeyc7sp1s3414,0
monkeyc7sp1s3415,0
monkeyc7sp1s3416,0
monkeyc7sp1s3417,0
monkeyc7sp1s3418,0
monkeyc7sp1s3419,0
monkeyc7sp1s3420,0
monkeyc7sp1s3421,0
monkeyc7sp1s3422,0
monkeyc7sp1s3423,8
monkeyc7sp1s3424,0
monkeyc7sp1s3425,0
monkeyc7sp1s3426,0
monkeyc7sp1s3427,0
monkeyc7sp1s3428,0
monkeyc7sp1s3429,0
monkeyc7sp1s3430,0
monkeyc7sp1s3431,0
monkeyc7sp1s3432,0
monkeyc7sp1s3433,0
monkeyc7sp1s3434,8
monkeyc7sp1s3435,0
monkeyc7sp1s3436,0
monkeyc7sp1s3437,0
monkeyc7sp1s3438,0
monkeyc7sp1s3439,0
monkeyc7sp1s3440,0
monkeyc7sp1s3441,0
monkeyc7sp1s3442,0
monkeyc7sp1s3443,0
monkeyc7sp1s3444,0
monkeyc7sp1s3445,5
monkeyc7sp1s3446,8
monkeyc7sp1s3447,0
monkeyc7sp1s3448,8
monkeyc7sp1s3449,8
monkeyc7sp1s3450,8
monkeyc7sp1s3451,8
monkeyc7sp1s3452,8
monkeyc7sp1s3453,8
monkeyc7sp1s3454,8
monkeyc7sp1s3455,8
monkeyc7sp1s3456,8
monkeyc7sp1s3457,5
monkeyc7sp1s3458,8
monkeyc7sp1s3459,8
monkeyc7sp1s3460,8
monkeyc7sp1s3461,8
monkeyc7sp1s3462,8
monkeyc7sp1s3463,8
monkeyc7sp1s3464,8
monkeyc7sp1s3465,8
monkeyc7sp1s3466,8
monkeyc7sp1s3467,8
monkeyc7sp1s3468,5
monkeyc7sp1s3469,8
monkeyc7sp1s3470,8
monkeyc7sp1s3471,8
monkeyc7sp1s3472,8
monkeyc7sp1s3473,8
monkeyc7sp1s3474,8
monkeyc7sp1s3475,8
monkeyc7sp1s3476,8
monkeyc7sp1s3477,8
monkeyc7sp1s3478,8
monkeyc7sp1s3479,5
monkeyc7sp1s3480,8
monkeyc7sp1s3481,8
monkeyc7sp1s3482,8
monkeyc7sp1s3483,8
monkeyc7sp1s3484,8
monkeyc7sp1s3485,8
monkeyc7sp1s3486,8
monkeyc7sp1s3487,8
monkeyc7sp1s3488,8
monkeyc7sp1s3489,8
monkeyc7sp1s3490,5
monkeyc7sp1s3491,8
monkeyc7sp1s3492,8
monkeyc7sp1s3493,8
monkeyc7sp1s3494,8
monkeyc7sp1s3495,8
monkeyc7sp1s3496,8
monkeyc7sp1s3497,8
monkeyc7sp1s3498,8
monkeyc7sp1s3499,8
monkeyc7sp1s3500,8
monkeyc8sp2s3501,10
monkeyc8sp2s3502,2
monkeyc8sp2s3503,2
monkeyc8sp2s3504,2
monkeyc8sp2s3505,2
monkeyc8sp2s3506,2
monkeyc8sp2s3507,2
monkeyc8sp2s3508,2
monkeyc8sp2s3509,2
monkeyc8sp2s3510,2
monkeyc8sp2s3511,2
monkeyc8sp2s3512,2
monkeyc8sp2s3513,2
monkeyc8sp2s3514,2
monkeyc8sp2s3515,2
monkeyc8sp2s3516,2
monkeyc8sp2s3517,2
monkeyc8sp2s3518,2
monkeyc8sp2s3519,2
monkeyc8sp2s3520,2
monkeyc8sp2s3521,2
monkeyc8sp2s3522,2
monkeyc8sp2s3523,2
monkeyc8sp2s3524,2
monkeyc8sp2s3525,2
monkeyc8sp2s3526,2
monkeyc8sp2s3527,2
monkeyc8sp2s3528,2
monkeyc8sp2s3529,2
monkeyc8sp2s3530,2
monkeyc8sp2s3531,2
monkeyc8sp2s3532,2
monkeyc8sp2s3533,2
monkeyc8sp2s3534,2
monkeyc8sp2s3535,2
monkeyc8sp2s3536,2
monkeyc8sp2s3537,2
monkeyc8sp2s3538,2
monkeyc8sp2s3539,2
monkeyc8sp2s3540,2
monkeyc8sp2s3541,2
monkeyc8sp2s3542,2
monkeyc8sp2s3543,2
monkeyc8sp2s3544,2
monkeyc8sp2s3545,2
monkeyc8sp2s3546,2
monkeyc8sp2s3547,2
monkeyc8sp2s3548,2
monkeyc8sp2s3549,2
monkeyc8sp2s3550,2
monkeyc8sp2s3551,2
monkeyc8sp2s3552,2
monkeyc8sp2s3553,2
monkeyc8sp2s3554,2
monkeyc8sp2s3555,2
monkeyc8sp2s3556,2
monkeyc8sp2s3557,2
monkeyc8sp2s3558,2
monkeyc8sp2s3559,2
monkeyc8sp2s3560,2
monkeyc8sp2s3561,2
monkeyc8sp2s3562,2
monkeyc8sp2s3563,2
monkeyc8sp2s3564,2
monkeyc8sp2s3565,2
monkeyc8sp2s3566,2
monkeyc8sp2s3567,2
monkeyc8sp2s3568,2
monkeyc8sp2s3569,2
monkeyc8sp2s3570,2
monkeyc8sp2s3571,2
monkeyc8sp2s3572,2
monkeyc8sp2s3573,2
monkeyc8sp2s3574,2
monkeyc8sp2s3575,2
monkeyc8sp2s3576,2
monkeyc8sp2s3577,2
monkeyc8sp2s3578,2
monkeyc8sp2s3579,2
monkeyc8sp2s3580,2
monkeyc8sp2s3581,2
monkeyc8sp2s3582,2
monkeyc8sp2s3583,2
monkeyc8sp2s3584,2
monkeyc8sp2s3585,2
monkeyc8sp2s3586,2
monkeyc8sp2s3587,2
monkeyc8sp2s3588,2
monkeyc8sp2s3589,2
monkeyc8sp2s3590,10
monkeyc8sp2s3591,10
monkeyc8sp2s3592,10
monkeyc8sp2s3593,10
monkeyc8sp2s3594,10
monkeyc8sp2s3595,10
monkeyc8sp2s3596,10
monkeyc8sp2s3597,10
monkeyc8sp2s3598,10
monkeyc8sp2s3599,10
monkeyc8sp2s3600,10
monkeyc8sp2s3601,10
monkeyc8sp2s3602,10
monkeyc8sp2s3603,10
monkeyc8sp2s3604,10
monkeyc8sp2s3605,10
monkeyc8sp2s3606,10
monkeyc8sp2s3607,10
monkeyc8sp2s3608,10
monkeyc8sp2s3609,10
monkeyc8sp2s3610,10
monkeyc8sp2s3611,10
monkeyc8sp2s3612,10
monkeyc8sp2s3613,10
monkeyc8sp2s3614,10
monkeyc8sp2s3615,10
monkeyc8sp2s3616,10
monkeyc8sp2s3617,10
monkeyc8sp2s3618,10
monkeyc8sp2s3619,10
monkeyc8sp2s3620,10
monkeyc8sp2s3621,10
monkeyc8sp2s3622,10
monkeyc8sp2s3623,10
monkeyc8sp2s3624,10
monkeyc8sp2s3625,10
monkeyc8sp2s3626,10
monkeyc8sp2s3627,10
monkeyc8sp2s3628,10
monkeyc8sp2s3629,10
monkeyc8sp2s3630,10
monkeyc8sp2s3631,10
monkeyc8sp2s3632,10
monkeyc8sp2s3633,10
monkeyc8sp2s3634,10
monkeyc8sp2s3635,10
monkeyc8sp2s3636,10
monkeyc8sp2s3637,10
monkeyc8sp2s3638,10
monkeyc8sp2s3639,10
monkeyc8sp2s3640,10
monkeyc8sp2s3641,10
monkeyc8sp2s3642,10
monkeyc8sp2s3643,10
monkeyc8sp2s3644,10
monkeyc8sp2s3645,10
monkeyc8sp2s3646,10
monkeyc8sp2s3647,10
monkeyc8sp2s3648,10
monkeyc8sp2s3649,10
monkeyc8sp2s3650,10
monkeyc8sp2s3651,10
monkeyc8sp2s3652,10
monkeyc8sp2s3653,10
monkeyc8sp2s3654,10
monkeyc8sp2s3655,10
monkeyc8sp2s3656,10
monkeyc8sp2s3657,10
monkeyc8sp2s3658,10
monkeyc8sp2s3659,10
monkeyc8sp2s3660,10
monkeyc8sp2s3661,10
monkeyc8sp2s3662,10
monkeyc8sp2s3663,10
monkeyc8sp2s3664,10
monkeyc8sp2s3665,10
monkeyc8sp2s3666,10
monkeyc8sp2s3667,10
monkeyc8sp2s3668,10
monkeyc8sp2s3669,10
monkeyc8sp2s3670,10
monkeyc8sp2s3671,10
monkeyc8sp2s3672,10
monkeyc8sp2s3673,10
monkeyc8sp2s3674,10
monkeyc8sp2s3675,10
monkeyc8sp2s3676,10
monkeyc8sp2s3677,10
monkeyc8sp2s3678,10
monkeyc8sp2s3679,10
monkeyc8sp2s3680,10
monkeyc8sp2s3681,10
monkeyc8sp2s3682,10
monkeyc8sp2s3683,10
monkeyc8sp2s3684,10
monkeyc8sp2s3685,10
monkeyc8sp2s3686,10
monkeyc8sp2s3687,10
monkeyc8sp2s3688,10
monkeyc8sp2s3689,10
monkeyc8sp2s3690,10
monkeyc8sp2s3691,10
monkeyc8sp2s3692,10
monkeyc8sp2s3693,10
monkeyc8sp2s3694,10
monkeyc8sp2s3695,10
monkeyc8sp2s3696,10
monkeyc8sp2s3697,10
monkeyc8sp2s3698,10
monkeyc8sp2s3699,10
monkeyc8sp2s3700,10
monkeyc8sp2s3701,10
monkeyc8sp2s3702,10
monkeyc8sp2s3703,10
monkeyc8sp2s3704,10
monkeyc8sp2s3705,10
monkeyc8sp2s3706,10
monkeyc8sp2s3707,10
monkeyc8sp2s3708,10
monkeyc8sp2s3709,10
monkeyc8sp2s3710,10
monkeyc8sp2s3711,10
monkeyc8sp2s3712,10
monkeyc8sp2s3713,10
monkeyc8sp2s3714,10
monkeyc8sp2s3715,10
monkeyc8sp2s3716,10
monkeyc8sp2s3717,10
monkeyc8sp2s3718,10
monkeyc8sp2s3719,10
monkeyc8sp2s3720,10
monkeyc8sp2s3721,10
monkeyc8sp2s3722,10
monkeyc8sp2s3723,10
monkeyc8sp2s3724,10
monkeyc8sp2s3725,10
monkeyc8sp2s3726,10
monkeyc8sp2s3727,10
monkeyc8sp2s3728,10
monkeyc8sp2s3729,10
monkeyc8sp2s3730,10
monkeyc8sp2s3731,10
monkeyc8sp2s3732,10
monkeyc8sp2s3733,10
monkeyc8sp2s3734,10
monkeyc8sp2s3735,2
monkeyc8sp2s3736,2
monkeyc8sp2s3737,2
monkeyc8sp2s3738,2
monkeyc8sp2s3739,2
monkeyc8sp2s3740,2
monkeyc8sp2s3741,2
monkeyc8sp2s3742,2
monkeyc8sp2s3743,2
monkeyc8sp2s3744,2
monkeyc8sp2s3745,2
monkeyc8sp2s3746,2
monkeyc8sp2s3747,2
monkeyc8sp2s3748,2
monkeyc8sp2s3749,2
monkeyc8sp2s3750,2
monkeyc8sp2s3751,2
monkeyc8sp2s3752,2
monkeyc8sp2s3753,2
monkeyc8sp2s3754,2
monkeyc8sp2s3755,2
monkeyc8sp2s3756,2
monkeyc8sp2s3757,2
monkeyc8sp2s3758,2
monkeyc8sp2s3759,2
monkeyc8sp2s3760,2
monkeyc8sp2s3761,2
monkeyc8sp2s3762,2
monkeyc8sp2s3763,2
monkeyc8sp2s3764,2
monkeyc8sp2s3765,2
monkeyc8sp2s3766,2
monkeyc8sp2s3767,2
monkeyc8sp2s3768,2
monkeyc8sp2s3769,2
monkeyc8sp2s3770,2
monkeyc8sp2s3771,2
monkeyc8sp2s3772,2
monkeyc8sp2s3773,2
monkeyc8sp2s3774,2
monkeyc8sp2s3775,2
monkeyc8sp2s3776,2
monkeyc8sp2s3777,2
monkeyc8sp2s3778,2
monkeyc8sp2s3779,2
monkeyc8sp2s3780,2
monkeyc8sp2s3781,2
monkeyc8sp2s3782,2
monkeyc8sp2s3783,2
monkeyc8sp2s3784,2
monkeyc8sp2s3785,2
monkeyc8sp2s3786,2
monkeyc8sp2s3787,2
monkeyc8sp2s3788,2
monkeyc8sp2s3789,2
monkeyc8sp2s3790,2
monkeyc8sp2s3791,2
monkeyc8sp2s3792,2
monkeyc8sp2s3793,2
monkeyc8sp2s3794,2
monkeyc8sp2s3795,2
monkeyc8sp2s3796,2
monkeyc8sp2s3797,2
monkeyc8sp2s3798,2
monkeyc8sp2s3799,2
monkeyc8sp2s3800,2
monkeyc8sp2s3801,2
monkeyc8sp2s3802,2
monkeyc8sp2s3803,2
monkeyc8sp2s3804,2
monkeyc8sp2s3805,2
monkeyc8sp2s3806,2
monkeyc8sp2s3807,2
monkeyc8sp2s3808,2
monkeyc8sp2s3809,2
monkeyc8sp2s3810,2
monkeyc8sp2s3811,2
monkeyc8sp2s3812,2
monkeyc8sp2s3813,2
monkeyc8sp2s3814,2
monkeyc8sp2s3815,2
monkeyc8sp2s3816,2
monkeyc8sp2s3817,2
monkeyc8sp2s3818,2
monkeyc8sp2s3819,2
monkeyc8sp2s3820,2
monkeyc8sp2s3821,2
monkeyc8sp2s3822,2
monkeyc8sp2s3823,2
monkeyc8sp2s3824,2
monkeyc8sp2s3825,2
monkeyc8sp2s3826,2
monkeyc8sp2s3827,2
monkeyc8sp2s3828,2
monkeyc8sp2s3829,2
monkeyc8sp2s3830,2
monkeyc8sp2s3831,2
monkeyc8sp2s3832,2
monkeyc8sp2s3833,2
monkeyc8sp2s3834,2
monkeyc8sp2s3835,2
monkeyc8sp2s3836,2
monkeyc8sp2s3837,2
monkeyc8sp2s3838,2
monkeyc8sp2s3839,2
monkeyc8sp2s3840,2
monkeyc8sp2s3841,2
monkeyc8sp2s3842,2
monkeyc8sp2s3843,2
monkeyc8sp2s3844,2
monkeyc8sp2s3845,2
monkeyc8sp2s3846,2
monkeyc8sp2s3847,2
monkeyc8sp2s3848,2
monkeyc8sp2s3849,2
monkeyc8sp2s3850,2
monkeyc8sp2s3851,2
monkeyc8sp2s3852,2
monkeyc8sp2s3853,2
monkeyc8sp2s3854,2
monkeyc8sp2s3855,2
monkeyc8sp2s3856,2
monkeyc8sp2s3857,2
monkeyc8sp2s3858,2
monkeyc8sp2s3859,2
monkeyc8sp2s3860,2
monkeyc8sp2s3861,2
monkeyc8sp2s3862,2
monkeyc8sp2s3863,2
monkeyc8sp2s3864,2
monkeyc8sp2s3865,2
monkeyc8sp2s3866,2
monkeyc8sp2s3867,2
monkeyc8sp2s3868,2
monkeyc8sp2s3869,2
monkeyc8sp2s3870,2
monkeyc8sp2s3871,2
monkeyc8sp2s3872,2
monkeyc8sp2s3873,2
monkeyc8sp2s3874,2
monkeyc8sp2s3875,2
monkeyc8sp2s3876,2
monkeyc8sp2s3877,2
monkeyc8sp2s3878,2
monkeyc8sp2s3879,2
monkeyc8sp2s3880,2
monkeyc8sp2s3881,2
monkeyc8sp2s3882,2
monkeyc8sp2s3883,2
monkeyc8sp2s3884,2
monkeyc8sp2s3885,2
monkeyc8sp2s3886,2
monkeyc8sp2s3887,2
monkeyc8sp2s3888,2
monkeyc8sp2s3889,2
monkeyc8sp2s3890,2
monkeyc8sp2s3891,2
monkeyc8sp2s3892,2
monkeyc8sp2s3893,2
monkeyc8sp2s3894,2
monkeyc8sp2s3895,2
monkeyc8sp2s3896,2
monkeyc8sp2s3897,2
monkeyc8sp2s3898,2
monkeyc8sp2s3899,2
monkeyc8sp2s3900,2
monkeyc8sp2s3901,2
monkeyc8sp2s3902,2
monkeyc8sp2s3903,2
monkeyc8sp2s3904,2
monkeyc8sp2s3905,2
monkeyc8sp2s3906,2
monkeyc8sp2s3907,2
monkeyc8sp2s3908,2
monkeyc8sp2s3909,2
monkeyc8sp2s3910,2
monkeyc8sp2s3911,2
monkeyc8sp2s3912,2
monkeyc8sp2s3913,2
monkeyc8sp2s3914,2
monkeyc8sp2s3915,10
monkeyc8sp2s3916,10
monkeyc8sp2s3917,10
monkeyc8sp2s3918,10
monkeyc8sp2s3919,10
monkeyc8sp2s3920,10
monkeyc8sp2s3921,10
monkeyc8sp2s3922,10
monkeyc8sp2s3923,10
monkeyc8sp2s3924,10
monkeyc8sp2s3925,10
monkeyc8sp2s3926,10
monkeyc8sp2s3927,10
monkeyc8sp2s3928,10
monkeyc8sp2s3929,10
monkeyc8sp2s3930,10
monkeyc8sp2s3931,10
monkeyc8sp2s3932,10
monkeyc8sp2s3933,10
monkeyc8sp2s3934,10
monkeyc8sp2s3935,10
monkeyc8sp2s3936,10
monkeyc8sp2s3937,10
monkeyc8sp2s3938,10
monkeyc8sp2s3939,10
monkeyc8sp2s3940,10
monkeyc8sp2s3941,10
monkeyc8sp2s3942,10
monkeyc8sp2s3943,10
monkeyc8sp2s3944,10
monkeyc8sp2s3945,10
monkeyc8sp2s3946,10
monkeyc8sp2s3947,10
monkeyc8sp2s3948,10
monkeyc8sp2s3949,10
monkeyc8sp2s3950,10
monkeyc8sp2s3951,10
monkeyc8sp2s3952,10
monkeyc8sp2s3953,10
monkeyc8sp2s3954,10
monkeyc8sp2s3955,10
monkeyc8sp2s3956,10
monkeyc8sp2s3957,10
monkeyc8sp2s3958,10
monkeyc8sp2s3959,10
monkeyc8sp2s3960,10
monkeyc8sp2s3961,10
monkeyc8sp2s3962,10
monkeyc8sp2s3963,10
monkeyc8sp2s3964,10
monkeyc8sp2s3965,10
monkeyc8sp2s3966,10
monkeyc8sp2s3967,10
monkeyc8sp2s3968,10
monkeyc8sp2s3969,10
monkeyc8sp2s3970,10
monkeyc8sp2s3971,10
monkeyc8sp2s3972,10
monkeyc8sp2s3973,10
monkeyc8sp2s3974,10
monkeyc8sp2s3975,10
monkeyc8sp2s3976,10
monkeyc8sp2s3977,10
monkeyc8sp2s3978,10
monkeyc8sp2s3979,10
monkeyc8sp2s3980,10
monkeyc8sp2s3981,10
monkeyc8sp2s3982,10
monkeyc8sp2s3983,10
monkeyc8sp2s3984,10
monkeyc8sp2s3985,10
monkeyc8sp2s3986,10
monkeyc8sp2s3987,10
monkeyc8sp2s3988,10
monkeyc8sp2s3989,10
monkeyc8sp2s3990,10
monkeyc8sp2s3991,10
monkeyc8sp2s3992,10
monkeyc8sp2s3993,10
monkeyc8sp2s3994,10
monkeyc8sp2s3995,10
monkeyc8sp2s3996,10
monkeyc8sp2s3997,10
monkeyc8sp2s3998,10
monkeyc8sp2s3999,10
monkeyc8sp2s4000,10
