sample_label,centroid
monkeyc1g1s1,5
monkeyc1g1s2,8
monkeyc1g1s3,8
monkeyc1g1s4,1
monkeyc1g1s5,5
monkeyc1g1s6,5
monkeyc1g1s7,5
monkeyc1g1s8,5
monkeyc1g1s9,5
monkeyc1g1s10,5
monkeyc1g1s11,8
monkeyc1g1s12,8
monkeyc1g1s13,5
monkeyc1g1s14,5
monkeyc1g1s15,5
monkeyc1g1s16,5
monkeyc1g1s17,1
monkeyc1g1s18,1
monkeyc1g1s19,5
monkeyc1g1s20,5
monkeyc1g1s21,5
monkeyc1g1s22,5
monkeyc1g1s23,5
monkeyc1g1s24,1
monkeyc1g1s25,5
monkeyc1g1s26,1
monkeyc1g1s27,5
monkeyc1g1s28,5
monkeyc1g1s29,5
monkeyc1g1s30,8
monkeyc1g1s31,5
monkeyc1g1s32,1
monkeyc1g1s33,5
monkeyc1g1s34,5
monkeyc1g1s35,5
monkeyc1g1s36,1
monkeyc1g1s37,1
monkeyc1g1s38,5
monkeyc1g1s39,8
monkeyc1g1s40,5
monkeyc1g1s41,8
monkeyc1g1s42,5
monkeyc1g1s43,1
monkeyc1g1s44,5
monkeyc1g1s45,1
monkeyc1g1s46,5
monkeyc1g1s47,5
monkeyc1g1s48,5
monkeyc1g1s49,5
monkeyc1g1s50,1
monkeyc1g1s51,8
monkeyc1g1s52,8
monkeyc1g1s53,1
monkeyc1g1s54,1
monkeyc1g1s55,8
monkeyc1g1s56,1
monkeyc1g1s57,5
monkeyc1g1s58,5
monkeyc1g1s59,5
monkeyc1g1s60,8
monkeyc1g1s61,8
monkeyc1g1s62,5
monkeyc1g1s63,5
monkeyc1g1s64,8
monkeyc1g1s65,5
monkeyc1g1s66,5
monkeyc1g1s67,5
monkeyc1g1s68,5
monkeyc1g1s69,1
monkeyc1g1s70,5
monkeyc1g1s71,5
monkeyc1g1s72,5
monkeyc1g1s73,5
monkeyc1g1s74,5
monkeyc1g1s75,8
monkeyc1g1s76,5
monkeyc1g1s77,5
monkeyc1g1s78,5
monkeyc1g1s79,5
monkeyc1g1s80,1
monkeyc1g1s81,5
monkeyc1g1s82,5
monkeyc1g1s83,1
monkeyc1g1s84,8
monkeyc1g1s85,1
monkeyc1g1s86,1
monkeyc1g1s87,5
monkeyc1g1s88,5
monkeyc1g1s89,5
monkeyc1g1s90,5
monkeyc1g1s91,5
monkeyc1g1s92,1
monkeyc1g1s93,8
monkeyc1g1s94,8
monkeyc1g1s95,5
monkeyc1g1s96,5
monkeyc1g1s97,5
monkeyc1g1s98,1
monkeyc1g1s99,8
monkeyc1g1s100,5
monkeyc1g1s101,8
monkeyc1g1s102,5
monkeyc1g1s103,1
monkeyc1g1s104,1
monkeyc1g1s105,5
monkeyc1g1s106,8
monkeyc1g1s107,5
monkeyc1g1s108,5
monkeyc1g1s109,5
monkeyc1g1s110,5
monkeyc1g1s111,8
monkeyc1g1s112,5
monkeyc1g1s113,5
monkeyc1g1s114,5
monkeyc1g1s115,5
monkeyc1g1s116,5
monkeyc1g1s117,8
monkeyc1g1s118,1
monkeyc1g1s119,5
monkeyc1g1s120,5
monkeyc1g1s121,5
monkeyc1g1s122,8
monkeyc1g1s123,5
monkeyc1g1s124,5
monkeyc1g1s125,5
monkeyc1g1s126,1
monkeyc1g1s127,5
monkeyc1g1s128,5
monkeyc1g1s129,5
monkeyc1g1s130,5
monkeyc1g1s131,5
monkeyc1g1s132,5
monkeyc1g1s133,5
monkeyc1g1s134,5
monkeyc1g1s135,5
monkeyc1g1s136,1
monkeyc1g1s137,1
monkeyc1g1s138,5
monkeyc1g1s139,5
monkeyc1g1s140,5
monkeyc1g1s141,5
monkeyc1g1s142,8
monkeyc1g1s143,5
monkeyc1g1s144,5
monkeyc1g1s145,5
monkeyc1g1s146,1
monkeyc1g1s147,8
monkeyc1g1s148,5
monkeyc1g1s149,8
monkeyc1g1s150,8
monkeyc1g1s151,5
monkeyc1g1s152,5
monkeyc1g1s153,1
monkeyc1g1s154,1
monkeyc1g1s155,5
monkeyc1g1s156,5
monkeyc1g1s157,5
monkeyc1g1s158,5
monkeyc1g1s159,5
monkeyc1g1s160,5
monkeyc1g1s161,1
monkeyc1g1s162,5
monkeyc1g1s163,5
monkeyc1g1s164,5
monkeyc1g1s165,5
monkeyc1g1s166,5
monkeyc1g1s167,8
monkeyc1g1s168,5
monkeyc1g1s169,5
monkeyc1g1s170,5
monkeyc1g1s171,5
monkeyc1g1s172,1
monkeyc1g1s173,8
monkeyc1g1s174,5
monkeyc1g1s175,5
monkeyc1g1s176,5
monkeyc1g1s177,5
monkeyc1g1s178,1
monkeyc1g1s179,5
monkeyc1g1s180,1
monkeyc1g1s181,8
monkeyc1g1s182,5
monkeyc1g1s183,1
monkeyc1g1s184,5
monkeyc1g1s185,5
monkeyc1g1s186,5
monkeyc1g1s187,5
monkeyc1g1s188,1
monkeyc1g1s189,5
monkeyc1g1s190,5
monkeyc1g1s191,8
monkeyc1g1s192,8
monkeyc1g1s193,5
monkeyc1g1s194,5
monkeyc1g1s195,8
monkeyc1g1s196,5
monkeyc1g1s197,5
monkeyc1g1s198,5
monkeyc1g1s199,5
monkeyc1g1s200,5
monkeyc1g1s201,5
monkeyc1g1s202,1
monkeyc1g1s203,1
monkeyc1g1s204,5
monkeyc1g1s205,5
monkeyc1g1s206,5
monkeyc1g1s207,5
monkeyc1g1s208,1
monkeyc1g1s209,5
monkeyc1g1s210,1
monkeyc1g1s211,8
monkeyc1g1s212,5
monkeyc1g1s213,5
monkeyc1g1s214,1
monkeyc1g1s215,5
monkeyc1g1s216,5
monkeyc1g1s217,5
monkeyc1g1s218,5
monkeyc1g1s219,5
monkeyc1g1s220,5
monkeyc1g1s221,5
monkeyc1g1s222,1
monkeyc1g1s223,5
monkeyc1g1s224,5
monkeyc1g1s225,1
monkeyc1g1s226,5
monkeyc1g1s227,5
monkeyc1g1s228,1
monkeyc1g1s229,5
monkeyc1g1s230,1
monkeyc1g1s231,1
monkeyc1g1s232,1
monkeyc1g1s233,1
monkeyc1g1s234,8
monkeyc1g1s235,8
monkeyc1g1s236,5
monkeyc1g1s237,5
monkeyc1g1s238,5
monkeyc1g1s239,5
monkeyc1g1s240,5
monkeyc1g1s241,5
monkeyc1g1s242,5
monkeyc1g1s243,1
monkeyc1g1s244,5
monkeyc1g1s245,1
monkeyc1g1s246,5
monkeyc1g1s247,5
monkeyc1g1s248,5
monkeyc1g1s249,5
monkeyc1g1s250,5
monkeyc1g1s251,5
monkeyc1g1s252,5
monkeyc1g1s253,8
monkeyc1g1s254,5
monkeyc1g1s255,5
monkeyc1g1s256,5
monkeyc1g1s257,5
monkeyc1g1s258,8
monkeyc1g1s259,5
monkeyc1g1s260,5
monkeyc1g1s261,1
monkeyc1g1s262,8
monkeyc1g1s263,1
monkeyc1g1s264,5
monkeyc1g1s265,5
monkeyc1g1s266,5
monkeyc1g1s267,8
monkeyc1g1s268,5
monkeyc1g1s269,5
monkeyc1g1s270,5
monkeyc1g1s271,5
monkeyc1g1s272,5
monkeyc1g1s273,5
monkeyc1g1s274,5
monkeyc1g1s275,5
monkeyc1g1s276,1
monkeyc1g1s277,1
monkeyc1g1s278,5
monkeyc1g1s279,1
monkeyc1g1s280,8
monkeyc1g1s281,5
monkeyc1g1s282,5
monkeyc1g1s283,5
monkeyc1g1s284,5
monkeyc1g1s285,5
monkeyc1g1s286,5
monkeyc1g1s287,5
monkeyc1g1s288,5
monkeyc1g1s289,8
monkeyc1g1s290,8
monkeyc1g1s291,1
monkeyc1g1s292,5
monkeyc1g1s293,8
monkeyc1g1s294,5
monkeyc1g1s295,1
monkeyc1g1s296,5
monkeyc1g1s297,5
monkeyc1g1s298,1
monkeyc1g1s299,5
monkeyc1g1s300,8
monkeyc1g1s301,5
monkeyc1g1s302,1
monkeyc1g1s303,5
monkeyc1g1s304,8
monkeyc1g1s305,5
monkeyc1g1s306,5
monkeyc1g1s307,5
monkeyc1g1s308,8
monkeyc1g1s309,5
monkeyc1g1s310,5
monkeyc1g1s311,5
monkeyc1g1s312,5
monkeyc1g1s313,5
monkeyc1g1s314,5
monkeyc1g1s315,5
monkeyc1g1s316,8
monkeyc1g1s317,1
monkeyc1g1s318,5
monkeyc1g1s319,5
monkeyc1g1s320,8
monkeyc1g1s321,5
monkeyc1g1s322,1
monkeyc1g1s323,5
monkeyc1g1s324,5
monkeyc1g1s325,8
monkeyc1g1s326,5
monkeyc1g1s327,5
monkeyc1g1s328,8
monkeyc1g1s329,5
monkeyc1g1s330,5
monkeyc1g1s331,5
monkeyc1g1s332,8
monkeyc1g1s333,5
monkeyc1g1s334,5
monkeyc1g1s335,5
monkeyc1g1s336,5
monkeyc1g1s337,5
monkeyc1g1s338,5
monkeyc1g1s339,8
monkeyc1g1s340,8
monkeyc1g1s341,8
monkeyc1g1s342,8
monkeyc1g1s343,5
monkeyc1g1s344,5
monkeyc1g1s345,5
monkeyc1g1s346,5
monkeyc1g1s347,8
monkeyc1g1s348,5
monkeyc1g1s349,5
monkeyc1g1s350,5
monkeyc1g1s351,5
monkeyc1g1s352,5
monkeyc1g1s353,5
monkeyc1g1s354,5
monkeyc1g1s355,5
monkeyc1g1s356,5
monkeyc1g1s357,5
monkeyc1g1s358,5
monkeyc1g1s359,5
monkeyc1g1s360,1
monkeyc1g1s361,5
monkeyc1g1s362,1
monkeyc1g1s363,5
monkeyc1g1s364,5
monkeyc1g1s365,1
monkeyc1g1s366,8
monkeyc1g1s367,8
monkeyc1g1s368,8
monkeyc1g1s369,5
monkeyc1g1s370,1
monkeyc1g1s371,5
monkeyc1g1s372,8
monkeyc1g1s373,5
monkeyc1g1s374,5
monkeyc1g1s375,8
monkeyc1g1s376,8
monkeyc1g1s377,5
monkeyc1g1s378,1
monkeyc1g1s379,5
monkeyc1g1s380,5
monkeyc1g1s381,8
monkeyc1g1s382,5
monkeyc1g1s383,5
monkeyc1g1s384,5
monkeyc1g1s385,8
monkeyc1g1s386,5
monkeyc1g1s387,5
monkeyc1g1s388,5
monkeyc1g1s389,8
monkeyc1g1s390,5
monkeyc1g1s391,1
monkeyc1g1s392,5
monkeyc1g1s393,5
monkeyc1g1s394,8
monkeyc1g1s395,5
monkeyc1g1s396,5
monkeyc1g1s397,1
monkeyc1g1s398,5
monkeyc1g1s399,5
monkeyc1g1s400,8
monkeyc1g1s401,5
monkeyc1g1s402,8
monkeyc1g1s403,5
monkeyc1g1s404,5
monkeyc1g1s405,5
monkeyc1g1s406,5
monkeyc1g1s407,8
monkeyc1g1s408,1
monkeyc1g1s409,1
monkeyc1g1s410,5
monkeyc1g1s411,5
monkeyc1g1s412,1
monkeyc1g1s413,5
monkeyc1g1s414,1
monkeyc1g1s415,8
monkeyc1g1s416,1
monkeyc1g1s417,5
monkeyc1g1s418,5
monkeyc1g1s419,1
monkeyc1g1s420,5
monkeyc1g1s421,5
monkeyc1g1s422,1
monkeyc1g1s423,5
monkeyc1g1s424,1
monkeyc1g1s425,5
monkeyc1g1s426,1
monkeyc1g1s427,5
monkeyc1g1s428,1
monkeyc1g1s429,8
monkeyc1g1s430,5
monkeyc1g1s431,5
monkeyc1g1s432,5
monkeyc1g1s433,5
monkeyc1g1s434,5
monkeyc1g1s435,5
monkeyc1g1s436,5
monkeyc1g1s437,5
monkeyc1g1s438,5
monkeyc1g1s439,8
monkeyc1g1s440,5
monkeyc1g1s441,1
monkeyc1g1s442,5
monkeyc1g1s443,1
monkeyc1g1s444,5
monkeyc1g1s445,5
monkeyc1g1s446,1
monkeyc1g1s447,5
monkeyc1g1s448,1
monkeyc1g1s449,5
monkeyc1g1s450,5
monkeyc1g1s451,8
monkeyc1g1s452,5
monkeyc1g1s453,1
monkeyc1g1s454,5
monkeyc1g1s455,5
monkeyc1g1s456,1
monkeyc1g1s457,5
monkeyc1g1s458,8
monkeyc1g1s459,5
monkeyc1g1s460,1
monkeyc1g1s461,5
monkeyc1g1s462,1
monkeyc1g1s463,8
monkeyc1g1s464,5
monkeyc1g1s465,5
monkeyc1g1s466,1
monkeyc1g1s467,5
monkeyc1g1s468,5
monkeyc1g1s469,5
monkeyc1g1s470,5
monkeyc1g1s471,5
monkeyc1g1s472,5
monkeyc1g1s473,5
monkeyc1g1s474,1
monkeyc1g1s475,5
monkeyc1g1s476,5
monkeyc1g1s477,5
monkeyc1g1s478,5
monkeyc1g1s479,1
monkeyc1g1s480,5
monkeyc1g1s481,5
monkeyc1g1s482,8
monkeyc1g1s483,5
monkeyc1g1s484,1
monkeyc1g1s485,5
monkeyc1g1s486,5
monkeyc1g1s487,5
monkeyc1g1s488,1
monkeyc1g1s489,5
monkeyc1g1s490,5
monkeyc1g1s491,8
monkeyc1g1s492,5
monkeyc1g1s493,5
monkeyc1g1s494,5
monkeyc1g1s495,5
monkeyc1g1s496,5
monkeyc1g1s497,1
monkeyc1g1s498,1
monkeyc1g1s499,5
monkeyc1g1s500,5
monkeyc2g2s501,6
monkeyc2g2s502,5
monkeyc2g2s503,5
monkeyc2g2s504,5
monkeyc2g2s505,9
monkeyc2g2s506,6
monkeyc2g2s507,6
monkeyc2g2s508,9
monkeyc2g2s509,9
monkeyc2g2s510,9
monkeyc2g2s511,9
monkeyc2g2s512,9
monkeyc2g2s513,6
monkeyc2g2s514,9
monkeyc2g2s515,9
monkeyc2g2s516,9
monkeyc2g2s517,9
monkeyc2g2s518,6
monkeyc2g2s519,9
monkeyc2g2s520,9
monkeyc2g2s521,9
monkeyc2g2s522,9
monkeyc2g2s523,5
monkeyc2g2s524,9
monkeyc2g2s525,5
monkeyc2g2s526,9
monkeyc2g2s527,9
monkeyc2g2s528,6
monkeyc2g2s529,5
monkeyc2g2s530,9
monkeyc2g2s531,5
monkeyc2g2s532,9
monkeyc2g2s533,9
monkeyc2g2s534,9
monkeyc2g2s535,9
monkeyc2g2s536,9
monkeyc2g2s537,9
monkeyc2g2s538,9
monkeyc2g2s539,5
monkeyc2g2s540,9
monkeyc2g2s541,9
monkeyc2g2s542,9
monkeyc2g2s543,5
monkeyc2g2s544,9
monkeyc2g2s545,5
monkeyc2g2s546,9
monkeyc2g2s547,6
monkeyc2g2s548,9
monkeyc2g2s549,5
monkeyc2g2s550,9
monkeyc2g2s551,6
monkeyc2g2s552,9
monkeyc2g2s553,3
monkeyc2g2s554,9
monkeyc2g2s555,6
monkeyc2g2s556,9
monkeyc2g2s557,5
monkeyc2g2s558,9
monkeyc2g2s559,6
monkeyc2g2s560,9
monkeyc2g2s561,9
monkeyc2g2s562,3
monkeyc2g2s563,9
monkeyc2g2s564,5
monkeyc2g2s565,9
monkeyc2g2s566,9
monkeyc2g2s567,5
monkeyc2g2s568,9
monkeyc2g2s569,9
monkeyc2g2s570,9
monkeyc2g2s571,9
monkeyc2g2s572,3
monkeyc2g2s573,9
monkeyc2g2s574,5
monkeyc2g2s575,9
monkeyc2g2s576,9
monkeyc2g2s577,5
monkeyc2g2s578,5
monkeyc2g2s579,9
monkeyc2g2s580,9
monkeyc2g2s581,6
monkeyc2g2s582,9
monkeyc2g2s583,3
monkeyc2g2s584,6
monkeyc2g2s585,5
monkeyc2g2s586,9
monkeyc2g2s587,9
monkeyc2g2s588,6
monkeyc2g2s589,9
monkeyc2g2s590,9
monkeyc2g2s591,9
monkeyc2g2s592,9
monkeyc2g2s593,9
monkeyc2g2s594,9
monkeyc2g2s595,9
monkeyc2g2s596,9
monkeyc2g2s597,9
monkeyc2g2s598,9
monkeyc2g2s599,9
monkeyc2g2s600,5
monkeyc2g2s601,9
monkeyc2g2s602,9
monkeyc2g2s603,9
monkeyc2g2s604,5
monkeyc2g2s605,9
monkeyc2g2s606,3
monkeyc2g2s607,9
monkeyc2g2s608,9
monkeyc2g2s609,9
monkeyc2g2s610,9
monkeyc2g2s611,9
monkeyc2g2s612,3
monkeyc2g2s613,9
monkeyc2g2s614,9
monkeyc2g2s615,9
monkeyc2g2s616,9
monkeyc2g2s617,5
monkeyc2g2s618,9
monkeyc2g2s619,9
monkeyc2g2s620,5
monkeyc2g2s621,9
monkeyc2g2s622,9
monkeyc2g2s623,3
monkeyc2g2s624,9
monkeyc2g2s625,3
monkeyc2g2s626,9
monkeyc2g2s627,6
monkeyc2g2s628,9
monkeyc2g2s629,9
monkeyc2g2s630,9
monkeyc2g2s631,9
monkeyc2g2s632,9
monkeyc2g2s633,5
monkeyc2g2s634,9
monkeyc2g2s635,9
monkeyc2g2s636,9
monkeyc2g2s637,9
monkeyc2g2s638,9
monkeyc2g2s639,9
monkeyc2g2s640,9
monkeyc2g2s641,9
monkeyc2g2s642,5
monkeyc2g2s643,9
monkeyc2g2s644,9
monkeyc2g2s645,9
monkeyc2g2s646,9
monkeyc2g2s647,9
monkeyc2g2s648,9
monkeyc2g2s649,5
monkeyc2g2s650,9
monkeyc2g2s651,9
monkeyc2g2s652,9
monkeyc2g2s653,5
monkeyc2g2s654,9
monkeyc2g2s655,5
monkeyc2g2s656,9
monkeyc2g2s657,9
monkeyc2g2s658,3
monkeyc2g2s659,9
monkeyc2g2s660,5
monkeyc2g2s661,3
monkeyc2g2s662,9
monkeyc2g2s663,6
monkeyc2g2s664,3
monkeyc2g2s665,5
monkeyc2g2s666,9
monkeyc2g2s667,5
monkeyc2g2s668,9
monkeyc2g2s669,9
monkeyc2g2s670,6
monkeyc2g2s671,9
monkeyc2g2s672,9
monkeyc2g2s673,9
monkeyc2g2s674,9
monkeyc2g2s675,9
monkeyc2g2s676,9
monkeyc2g2s677,9
monkeyc2g2s678,9
monkeyc2g2s679,5
monkeyc2g2s680,9
monkeyc2g2s681,9
monkeyc2g2s682,9
monkeyc2g2s683,9
monkeyc2g2s684,9
monkeyc2g2s685,5
monkeyc2g2s686,9
monkeyc2g2s687,5
monkeyc2g2s688,9
monkeyc2g2s689,9
monkeyc2g2s690,9
monkeyc2g2s691,5
monkeyc2g2s692,5
monkeyc2g2s693,3
monkeyc2g2s694,9
monkeyc2g2s695,9
monkeyc2g2s696,9
monkeyc2g2s697,9
monkeyc2g2s698,9
monkeyc2g2s699,9
monkeyc2g2s700,9
monkeyc2g2s701,9
monkeyc2g2s702,9
monkeyc2g2s703,9
monkeyc2g2s704,9
monkeyc2g2s705,6
monkeyc2g2s706,9
monkeyc2g2s707,9
monkeyc2g2s708,9
monkeyc2g2s709,9
monkeyc2g2s710,9
monkeyc2g2s711,9
monkeyc2g2s712,5
monkeyc2g2s713,9
monkeyc2g2s714,9
monkeyc2g2s715,5
monkeyc2g2s716,9
monkeyc2g2s717,9
monkeyc2g2s718,5
monkeyc2g2s719,9
monkeyc2g2s720,9
monkeyc2g2s721,9
monkeyc2g2s722,9
monkeyc2g2s723,6
monkeyc2g2s724,6
monkeyc2g2s725,9
monkeyc2g2s726,9
monkeyc2g2s727,9
monkeyc2g2s728,9
monkeyc2g2s729,9
monkeyc2g2s730,9
monkeyc2g2s731,9
monkeyc2g2s732,9
monkeyc2g2s733,9
monkeyc2g2s734,9
monkeyc2g2s735,5
monkeyc2g2s736,5
monkeyc2g2s737,3
monkeyc2g2s738,9
monkeyc2g2s739,5
monkeyc2g2s740,9
monkeyc2g2s741,3
monkeyc2g2s742,5
monkeyc2g2s743,9
monkeyc2g2s744,9
monkeyc2g2s745,5
monkeyc2g2s746,9
monkeyc2g2s747,3
monkeyc2g2s748,9
monkeyc2g2s749,9
monkeyc2g2s750,9
monkeyc2g2s751,6
monkeyc2g2s752,9
monkeyc2g2s753,9
monkeyc2g2s754,9
monkeyc2g2s755,9
monkeyc2g2s756,9
monkeyc2g2s757,9
monkeyc2g2s758,9
monkeyc2g2s759,9
monkeyc2g2s760,9
monkeyc2g2s761,5
monkeyc2g2s762,9
monkeyc2g2s763,9
monkeyc2g2s764,6
monkeyc2g2s765,9
monkeyc2g2s766,9
monkeyc2g2s767,9
monkeyc2g2s768,5
monkeyc2g2s769,9
monkeyc2g2s770,9
monkeyc2g2s771,6
monkeyc2g2s772,9
monkeyc2g2s773,5
monkeyc2g2s774,9
monkeyc2g2s775,9
monkeyc2g2s776,6
monkeyc2g2s777,9
monkeyc2g2s778,9
monkeyc2g2s779,9
monkeyc2g2s780,5
monkeyc2g2s781,9
monkeyc2g2s782,9
monkeyc2g2s783,5
monkeyc2g2s784,9
monkeyc2g2s785,9
monkeyc2g2s786,9
monkeyc2g2s787,3
monkeyc2g2s788,9
monkeyc2g2s789,9
monkeyc2g2s790,9
monkeyc2g2s791,9
monkeyc2g2s792,6
monkeyc2g2s793,9
monkeyc2g2s794,9
monkeyc2g2s795,9
monkeyc2g2s796,5
monkeyc2g2s797,5
monkeyc2g2s798,9
monkeyc2g2s799,9
monkeyc2g2s800,9
monkeyc2g2s801,9
monkeyc2g2s802,9
monkeyc2g2s803,9
monkeyc2g2s804,9
monkeyc2g2s805,9
monkeyc2g2s806,6
monkeyc2g2s807,9
monkeyc2g2s808,9
monkeyc2g2s809,9
monkeyc2g2s810,5
monkeyc2g2s811,9
monkeyc2g2s812,9
monkeyc2g2s813,5
monkeyc2g2s814,6
monkeyc2g2s815,9
monkeyc2g2s816,5
monkeyc2g2s817,5
monkeyc2g2s818,9
monkeyc2g2s819,5
monkeyc2g2s820,5
monkeyc2g2s821,5
monkeyc2g2s822,5
monkeyc2g2s823,9
monkeyc2g2s824,9
monkeyc2g2s825,6
monkeyc2g2s826,9
monkeyc2g2s827,6
monkeyc2g2s828,9
monkeyc2g2s829,5
monkeyc2g2s830,9
monkeyc2g2s831,9
monkeyc2g2s832,5
monkeyc2g2s833,9
monkeyc2g2s834,9
monkeyc2g2s835,5
monkeyc2g2s836,9
monkeyc2g2s837,9
monkeyc2g2s838,9
monkeyc2g2s839,9
monkeyc2g2s840,9
monkeyc2g2s841,9
monkeyc2g2s842,9
monkeyc2g2s843,9
monkeyc2g2s844,3
monkeyc2g2s845,9
monkeyc2g2s846,9
monkeyc2g2s847,3
monkeyc2g2s848,9
monkeyc2g2s849,9
monkeyc2g2s850,9
monkeyc2g2s851,5
monkeyc2g2s852,9
monkeyc2g2s853,9
monkeyc2g2s854,9
monkeyc2g2s855,9
monkeyc2g2s856,9
monkeyc2g2s857,9
monkeyc2g2s858,9
monkeyc2g2s859,9
monkeyc2g2s860,9
monkeyc2g2s861,9
monkeyc2g2s862,9
monkeyc2g2s863,9
monkeyc2g2s864,5
monkeyc2g2s865,3
monkeyc2g2s866,6
monkeyc2g2s867,9
monkeyc2g2s868,9
monkeyc2g2s869,5
monkeyc2g2s870,9
monkeyc2g2s871,5
monkeyc2g2s872,3
monkeyc2g2s873,9
monkeyc2g2s874,9
monkeyc2g2s875,5
monkeyc2g2s876,9
monkeyc2g2s877,9
monkeyc2g2s878,9
monkeyc2g2s879,9
monkeyc2g2s880,9
monkeyc2g2s881,9
monkeyc2g2s882,9
monkeyc2g2s883,9
monkeyc2g2s884,3
monkeyc2g2s885,9
monkeyc2g2s886,9
monkeyc2g2s887,9
monkeyc2g2s888,9
monkeyc2g2s889,6
monkeyc2g2s890,9
monkeyc2g2s891,9
monkeyc2g2s892,3
monkeyc2g2s893,9
monkeyc2g2s894,9
monkeyc2g2s895,9
monkeyc2g2s896,9
monkeyc2g2s897,6
monkeyc2g2s898,9
monkeyc2g2s899,9
monkeyc2g2s900,9
monkeyc2g2s901,9
monkeyc2g2s902,9
monkeyc2g2s903,9
monkeyc2g2s904,6
monkeyc2g2s905,9
monkeyc2g2s906,9
monkeyc2g2s907,5
monkeyc2g2s908,5
monkeyc2g2s909,5
monkeyc2g2s910,9
monkeyc2g2s911,5
monkeyc2g2s912,6
monkeyc2g2s913,9
monkeyc2g2s914,9
monkeyc2g2s915,9
monkeyc2g2s916,9
monkeyc2g2s917,9
monkeyc2g2s918,9
monkeyc2g2s919,5
monkeyc2g2s920,9
monkeyc2g2s921,9
monkeyc2g2s922,9
monkeyc2g2s923,9
monkeyc2g2s924,6
monkeyc2g2s925,9
monkeyc2g2s926,6
monkeyc2g2s927,9
monkeyc2g2s928,9
monkeyc2g2s929,5
monkeyc2g2s930,3
monkeyc2g2s931,9
monkeyc2g2s932,6
monkeyc2g2s933,9
monkeyc2g2s934,9
monkeyc2g2s935,5
monkeyc2g2s936,5
monkeyc2g2s937,9
monkeyc2g2s938,9
monkeyc2g2s939,9
monkeyc2g2s940,5
monkeyc2g2s941,9
monkeyc2g2s942,9
monkeyc2g2s943,9
monkeyc2g2s944,9
monkeyc2g2s945,6
monkeyc2g2s946,6
monkeyc2g2s947,5
monkeyc2g2s948,9
monkeyc2g2s949,6
monkeyc2g2s950,3
monkeyc2g2s951,9
monkeyc2g2s952,9
monkeyc2g2s953,9
monkeyc2g2s954,9
monkeyc2g2s955,9
monkeyc2g2s956,9
monkeyc2g2s957,5
monkeyc2g2s958,9
monkeyc2g2s959,9
monkeyc2g2s960,9
monkeyc2g2s961,3
monkeyc2g2s962,6
monkeyc2g2s963,9
monkeyc2g2s964,9
monkeyc2g2s965,9
monkeyc2g2s966,9
monkeyc2g2s967,9
monkeyc2g2s968,9
monkeyc2g2s969,9
monkeyc2g2s970,5
monkeyc2g2s971,9
monkeyc2g2s972,9
monkeyc2g2s973,9
monkeyc2g2s974,5
monkeyc2g2s975,5
monkeyc2g2s976,9
monkeyc2g2s977,9
monkeyc2g2s978,9
monkeyc2g2s979,6
monkeyc2g2s980,9
monkeyc2g2s981,5
monkeyc2g2s982,9
monkeyc2g2s983,9
monkeyc2g2s984,9
monkeyc2g2s985,9
monkeyc2g2s986,9
monkeyc2g2s987,5
monkeyc2g2s988,9
monkeyc2g2s989,5
monkeyc2g2s990,9
monkeyc2g2s991,9
monkeyc2g2s992,5
monkeyc2g2s993,9
monkeyc2g2s994,9
monkeyc2g2s995,9
monkeyc2g2s996,9
monkeyc2g2s997,9
monkeyc2g2s998,9
monkeyc2g2s999,5
monkeyc2g2s1000,9
monkeyc3l1s1001,8
monkeyc3l1s1002,8
monkeyc3l1s1003,8
monkeyc3l1s1004,8
monkeyc3l1s1005,3
monkeyc3l1s1006,8
monkeyc3l1s1007,8
monkeyc3l1s1008,8
monkeyc3l1s1009,8
monkeyc3l1s1010,8
monkeyc3l1s1011,8
monkeyc3l1s1012,8
monkeyc3l1s1013,8
monkeyc3l1s1014,8
monkeyc3l1s1015,8
monkeyc3l1s1016,8
monkeyc3l1s1017,8
monkeyc3l1s1018,8
monkeyc3l1s1019,8
monkeyc3l1s1020,8
monkeyc3l1s1021,3
monkeyc3l1s1022,8
monkeyc3l1s1023,8
monkeyc3l1s1024,8
monkeyc3l1s1025,8
monkeyc3l1s1026,8
monkeyc3l1s1027,8
monkeyc3l1s1028,8
monkeyc3l1s1029,8
monkeyc3l1s1030,8
monkeyc3l1s1031,8
monkeyc3l1s1032,8
monkeyc3l1s1033,8
monkeyc3l1s1034,8
monkeyc3l1s1035,3
monkeyc3l1s1036,8
monkeyc3l1s1037,8
monkeyc3l1s1038,8
monkeyc3l1s1039,8
monkeyc3l1s1040,8
monkeyc3l1s1041,8
monkeyc3l1s1042,8
monkeyc3l1s1043,8
monkeyc3l1s1044,8
monkeyc3l1s1045,8
monkeyc3l1s1046,8
monkeyc3l1s1047,8
monkeyc3l1s1048,8
monkeyc3l1s1049,8
monkeyc3l1s1050,8
monkeyc3l1s1051,8
monkeyc3l1s1052,8
monkeyc3l1s1053,8
monkeyc3l1s1054,8
monkeyc3l1s1055,8
monkeyc3l1s1056,8
monkeyc3l1s1057,8
monkeyc3l1s1058,8
monkeyc3l1s1059,8
monkeyc3l1s1060,8
monkeyc3l1s1061,8
monkeyc3l1s1062,8
monkeyc3l1s1063,8
monkeyc3l1s1064,8
monkeyc3l1s1065,8
monkeyc3l1s1066,8
monkeyc3l1s1067,3
monkeyc3l1s1068,8
monkeyc3l1s1069,3
monkeyc3l1s1070,8
monkeyc3l1s1071,8
monkeyc3l1s1072,8
monkeyc3l1s1073,3
monkeyc3l1s1074,8
monkeyc3l1s1075,8
monkeyc3l1s1076,8
monkeyc3l1s1077,3
monkeyc3l1s1078,8
monkeyc3l1s1079,8
monkeyc3l1s1080,8
monkeyc3l1s1081,3
monkeyc3l1s1082,8
monkeyc3l1s1083,8
monkeyc3l1s1084,3
monkeyc3l1s1085,8
monkeyc3l1s1086,8
monkeyc3l1s1087,8
monkeyc3l1s1088,8
monkeyc3l1s1089,8
monkeyc3l1s1090,8
monkeyc3l1s1091,8
monkeyc3l1s1092,8
monkeyc3l1s1093,8
monkeyc3l1s1094,8
monkeyc3l1s1095,8
monkeyc3l1s1096,8
monkeyc3l1s1097,8
monkeyc3l1s1098,8
monkeyc3l1s1099,8
monkeyc3l1s1100,8
monkeyc3l1s1101,8
monkeyc3l1s1102,8
monkeyc3l1s1103,8
monkeyc3l1s1104,8
monkeyc3l1s1105,3
monkeyc3l1s1106,8
monkeyc3l1s1107,3
monkeyc3l1s1108,3
monkeyc3l1s1109,3
monkeyc3l1s1110,8
monkeyc3l1s1111,8
monkeyc3l1s1112,3
monkeyc3l1s1113,8
monkeyc3l1s1114,8
monkeyc3l1s1115,3
monkeyc3l1s1116,8
monkeyc3l1s1117,8
monkeyc3l1s1118,8
monkeyc3l1s1119,8
monkeyc3l1s1120,8
monkeyc3l1s1121,8
monkeyc3l1s1122,8
monkeyc3l1s1123,8
monkeyc3l1s1124,8
monkeyc3l1s1125,8
monkeyc3l1s1126,8
monkeyc3l1s1127,8
monkeyc3l1s1128,8
monkeyc3l1s1129,8
monkeyc3l1s1130,8
monkeyc3l1s1131,8
monkeyc3l1s1132,8
monkeyc3l1s1133,8
monkeyc3l1s1134,3
monkeyc3l1s1135,8
monkeyc3l1s1136,8
monkeyc3l1s1137,8
monkeyc3l1s1138,8
monkeyc3l1s1139,8
monkeyc3l1s1140,8
monkeyc3l1s1141,8
monkeyc3l1s1142,8
monkeyc3l1s1143,8
monkeyc3l1s1144,8
monkeyc3l1s1145,3
monkeyc3l1s1146,8
monkeyc3l1s1147,8
monkeyc3l1s1148,8
monkeyc3l1s1149,8
monkeyc3l1s1150,8
monkeyc3l1s1151,8
monkeyc3l1s1152,8
monkeyc3l1s1153,8
monkeyc3l1s1154,8
monkeyc3l1s1155,8
monkeyc3l1s1156,8
monkeyc3l1s1157,8
monkeyc3l1s1158,8
monkeyc3l1s1159,3
monkeyc3l1s1160,8
monkeyc3l1s1161,8
monkeyc3l1s1162,8
monkeyc3l1s1163,8
monkeyc3l1s1164,8
monkeyc3l1s1165,8
monkeyc3l1s1166,8
monkeyc3l1s1167,8
monkeyc3l1s1168,8
monkeyc3l1s1169,8
monkeyc3l1s1170,8
monkeyc3l1s1171,8
monkeyc3l1s1172,8
monkeyc3l1s1173,8
monkeyc3l1s1174,8
monkeyc3l1s1175,8
monkeyc3l1s1176,8
monkeyc3l1s1177,8
monkeyc3l1s1178,8
monkeyc3l1s1179,8
monkeyc3l1s1180,8
monkeyc3l1s1181,8
monkeyc3l1s1182,3
monkeyc3l1s1183,8
monkeyc3l1s1184,8
monkeyc3l1s1185,8
monkeyc3l1s1186,8
monkeyc3l1s1187,8
monkeyc3l1s1188,8
monkeyc3l1s1189,8
monkeyc3l1s1190,8
monkeyc3l1s1191,8
monkeyc3l1s1192,8
monkeyc3l1s1193,8
monkeyc3l1s1194,8
monkeyc3l1s1195,8
monkeyc3l1s1196,8
monkeyc3l1s1197,8
monkeyc3l1s1198,8
monkeyc3l1s1199,8
monkeyc3l1s1200,8
monkeyc3l1s1201,8
monkeyc3l1s1202,8
monkeyc3l1s1203,8
monkeyc3l1s1204,8
monkeyc3l1s1205,8
monkeyc3l1s1206,8
monkeyc3l1s1207,3
monkeyc3l1s1208,8
monkeyc3l1s1209,8
monkeyc3l1s1210,3
monkeyc3l1s1211,8
monkeyc3l1s1212,8
monkeyc3l1s1213,3
monkeyc3l1s1214,8
monkeyc3l1s1215,8
monkeyc3l1s1216,8
monkeyc3l1s1217,8
monkeyc3l1s1218,8
monkeyc3l1s1219,8
monkeyc3l1s1220,8
monkeyc3l1s1221,3
monkeyc3l1s1222,8
monkeyc3l1s1223,8
monkeyc3l1s1224,8
monkeyc3l1s1225,3
monkeyc3l1s1226,8
monkeyc3l1s1227,8
monkeyc3l1s1228,8
monkeyc3l1s1229,8
monkeyc3l1s1230,8
monkeyc3l1s1231,8
monkeyc3l1s1232,8
monkeyc3l1s1233,8
monkeyc3l1s1234,8
monkeyc3l1s1235,8
monkeyc3l1s1236,8
monkeyc3l1s1237,8
monkeyc3l1s1238,8
monkeyc3l1s1239,8
monkeyc3l1s1240,8
monkeyc3l1s1241,8
monkeyc3l1s1242,8
monkeyc3l1s1243,8
monkeyc3l1s1244,8
monkeyc3l1s1245,8
monkeyc3l1s1246,8
monkeyc3l1s1247,8
monkeyc3l1s1248,8
monkeyc3l1s1249,8
monkeyc3l1s1250,8
monkeyc3l1s1251,8
monkeyc3l1s1252,8
monkeyc3l1s1253,8
monkeyc3l1s1254,8
monkeyc3l1s1255,8
monkeyc3l1s1256,8
monkeyc3l1s1257,8
monkeyc3l1s1258,3
monkeyc3l1s1259,8
monkeyc3l1s1260,8
monkeyc3l1s1261,8
monkeyc3l1s1262,3
monkeyc3l1s1263,8
monkeyc3l1s1264,8
monkeyc3l1s1265,8
monkeyc3l1s1266,8
monkeyc3l1s1267,8
monkeyc3l1s1268,8
monkeyc3l1s1269,8
monkeyc3l1s1270,8
monkeyc3l1s1271,8
monkeyc3l1s1272,8
monkeyc3l1s1273,8
monkeyc3l1s1274,8
monkeyc3l1s1275,8
monkeyc3l1s1276,8
monkeyc3l1s1277,8
monkeyc3l1s1278,8
monkeyc3l1s1279,3
monkeyc3l1s1280,3
monkeyc3l1s1281,8
monkeyc3l1s1282,8
monkeyc3l1s1283,8
monkeyc3l1s1284,8
monkeyc3l1s1285,8
monkeyc3l1s1286,8
monkeyc3l1s1287,8
monkeyc3l1s1288,8
monkeyc3l1s1289,8
monkeyc3l1s1290,8
monkeyc3l1s1291,8
monkeyc3l1s1292,8
monkeyc3l1s1293,8
monkeyc3l1s1294,8
monkeyc3l1s1295,3
monkeyc3l1s1296,8
monkeyc3l1s1297,8
monkeyc3l1s1298,8
monkeyc3l1s1299,8
monkeyc3l1s1300,8
monkeyc3l1s1301,8
monkeyc3l1s1302,3
monkeyc3l1s1303,8
monkeyc3l1s1304,8
monkeyc3l1s1305,8
monkeyc3l1s1306,8
monkeyc3l1s1307,8
monkeyc3l1s1308,8
monkeyc3l1s1309,8
monkeyc3l1s1310,8
monkeyc3l1s1311,8
monkeyc3l1s1312,8
monkeyc3l1s1313,8
monkeyc3l1s1314,3
monkeyc3l1s1315,8
monkeyc3l1s1316,8
monkeyc3l1s1317,8
monkeyc3l1s1318,8
monkeyc3l1s1319,8
monkeyc3l1s1320,8
monkeyc3l1s1321,8
monkeyc3l1s1322,8
monkeyc3l1s1323,8
monkeyc3l1s1324,8
monkeyc3l1s1325,8
monkeyc3l1s1326,8
monkeyc3l1s1327,8
monkeyc3l1s1328,8
monkeyc3l1s1329,8
monkeyc3l1s1330,8
monkeyc3l1s1331,8
monkeyc3l1s1332,8
monkeyc3l1s1333,8
monkeyc3l1s1334,8
monkeyc3l1s1335,3
monkeyc3l1s1336,8
monkeyc3l1s1337,8
monkeyc3l1s1338,8
monkeyc3l1s1339,8
monkeyc3l1s1340,8
monkeyc3l1s1341,8
monkeyc3l1s1342,8
monkeyc3l1s1343,8
monkeyc3l1s1344,8
monkeyc3l1s1345,8
monkeyc3l1s1346,8
monkeyc3l1s1347,8
monkeyc3l1s1348,8
monkeyc3l1s1349,8
monkeyc3l1s1350,8
monkeyc3l1s1351,8
monkeyc3l1s1352,8
monkeyc3l1s1353,8
monkeyc3l1s1354,3
monkeyc3l1s1355,8
monkeyc3l1s1356,8
monkeyc3l1s1357,8
monkeyc3l1s1358,8
monkeyc3l1s1359,3
monkeyc3l1s1360,8
monkeyc3l1s1361,8
monkeyc3l1s1362,8
monkeyc3l1s1363,8
monkeyc3l1s1364,3
monkeyc3l1s1365,8
monkeyc3l1s1366,8
monkeyc3l1s1367,8
monkeyc3l1s1368,8
monkeyc3l1s1369,8
monkeyc3l1s1370,8
monkeyc3l1s1371,8
monkeyc3l1s1372,8
monkeyc3l1s1373,8
monkeyc3l1s1374,8
monkeyc3l1s1375,8
monkeyc3l1s1376,8
monkeyc3l1s1377,8
monkeyc3l1s1378,8
monkeyc3l1s1379,8
monkeyc3l1s1380,8
monkeyc3l1s1381,8
monkeyc3l1s1382,3
monkeyc3l1s1383,8
monkeyc3l1s1384,8
monkeyc3l1s1385,8
monkeyc3l1s1386,3
monkeyc3l1s1387,8
monkeyc3l1s1388,8
monkeyc3l1s1389,8
monkeyc3l1s1390,8
monkeyc3l1s1391,8
monkeyc3l1s1392,8
monkeyc3l1s1393,3
monkeyc3l1s1394,3
monkeyc3l1s1395,8
monkeyc3l1s1396,8
monkeyc3l1s1397,8
monkeyc3l1s1398,8
monkeyc3l1s1399,8
monkeyc3l1s1400,8
monkeyc3l1s1401,3
monkeyc3l1s1402,8
monkeyc3l1s1403,8
monkeyc3l1s1404,8
monkeyc3l1s1405,8
monkeyc3l1s1406,8
monkeyc3l1s1407,3
monkeyc3l1s1408,8
monkeyc3l1s1409,8
monkeyc3l1s1410,8
monkeyc3l1s1411,8
monkeyc3l1s1412,8
monkeyc3l1s1413,8
monkeyc3l1s1414,8
monkeyc3l1s1415,8
monkeyc3l1s1416,8
monkeyc3l1s1417,8
monkeyc3l1s1418,8
monkeyc3l1s1419,8
monkeyc3l1s1420,8
monkeyc3l1s1421,8
monkeyc3l1s1422,8
monkeyc3l1s1423,8
monkeyc3l1s1424,8
monkeyc3l1s1425,8
monkeyc3l1s1426,8
monkeyc3l1s1427,8
monkeyc3l1s1428,8
monkeyc3l1s1429,8
monkeyc3l1s1430,8
monkeyc3l1s1431,8
monkeyc3l1s1432,8
monkeyc3l1s1433,8
monkeyc3l1s1434,8
monkeyc3l1s1435,8
monkeyc3l1s1436,8
monkeyc3l1s1437,8
monkeyc3l1s1438,8
monkeyc3l1s1439,8
monkeyc3l1s1440,3
monkeyc3l1s1441,8
monkeyc3l1s1442,8
monkeyc3l1s1443,8
monkeyc3l1s1444,8
monkeyc3l1s1445,8
monkeyc3l1s1446,8
monkeyc3l1s1447,8
monkeyc3l1s1448,8
monkeyc3l1s1449,8
monkeyc3l1s1450,8
monkeyc3l1s1451,8
monkeyc3l1s1452,3
monkeyc3l1s1453,8
monkeyc3l1s1454,8
monkeyc3l1s1455,8
monkeyc3l1s1456,8
monkeyc3l1s1457,8
monkeyc3l1s1458,8
monkeyc3l1s1459,8
monkeyc3l1s1460,3
monkeyc3l1s1461,8
monkeyc3l1s1462,8
monkeyc3l1s1463,8
monkeyc3l1s1464,8
monkeyc3l1s1465,8
monkeyc3l1s1466,3
monkeyc3l1s1467,8
monkeyc3l1s1468,8
monkeyc3l1s1469,8
monkeyc3l1s1470,8
monkeyc3l1s1471,8
monkeyc3l1s1472,8
monkeyc3l1s1473,8
monkeyc3l1s1474,8
monkeyc3l1s1475,8
monkeyc3l1s1476,3
monkeyc3l1s1477,8
monkeyc3l1s1478,8
monkeyc3l1s1479,8
monkeyc3l1s1480,3
monkeyc3l1s1481,8
monkeyc3l1s1482,8
monkeyc3l1s1483,3
monkeyc3l1s1484,8
monkeyc3l1s1485,8
monkeyc3l1s1486,3
monkeyc3l1s1487,8
monkeyc3l1s1488,8
monkeyc3l1s1489,8
monkeyc3l1s1490,8
monkeyc3l1s1491,8
monkeyc3l1s1492,8
monkeyc3l1s1493,8
monkeyc3l1s1494,3
monkeyc3l1s1495,8
monkeyc3l1s1496,8
monkeyc3l1s1497,8
monkeyc3l1s1498,8
monkeyc3l1s1499,8
monkeyc3l1s1500,8
monkeyc4l2s1501,3
monkeyc4l2s1502,3
monkeyc4l2s1503,3
monkeyc4l2s1504,3
monkeyc4l2s1505,3
monkeyc4l2s1506,3
monkeyc4l2s1507,3
monkeyc4l2s1508,3
monkeyc4l2s1509,3
monkeyc4l2s1510,3
monkeyc4l2s1511,3
monkeyc4l2s1512,3
monkeyc4l2s1513,3
monkeyc4l2s1514,3
monkeyc4l2s1515,3
monkeyc4l2s1516,3
monkeyc4l2s1517,3
monkeyc4l2s1518,3
monkeyc4l2s1519,3
monkeyc4l2s1520,3
monkeyc4l2s1521,3
monkeyc4l2s1522,3
monkeyc4l2s1523,3
monkeyc4l2s1524,3
monkeyc4l2s1525,3
monkeyc4l2s1526,3
monkeyc4l2s1527,3
monkeyc4l2s1528,3
monkeyc4l2s1529,3
monkeyc4l2s1530,3
monkeyc4l2s1531,3
monkeyc4l2s1532,3
monkeyc4l2s1533,3
monkeyc4l2s1534,3
monkeyc4l2s1535,3
monkeyc4l2s1536,3
monkeyc4l2s1537,3
monkeyc4l2s1538,3
monkeyc4l2s1539,3
monkeyc4l2s1540,3
monkeyc4l2s1541,3
monkeyc4l2s1542,3
monkeyc4l2s1543,3
monkeyc4l2s1544,3
monkeyc4l2s1545,3
monkeyc4l2s1546,3
monkeyc4l2s1547,3
monkeyc4l2s1548,3
monkeyc4l2s1549,3
monkeyc4l2s1550,3
monkeyc4l2s1551,3
monkeyc4l2s1552,3
monkeyc4l2s1553,3
monkeyc4l2s1554,3
monkeyc4l2s1555,3
monkeyc4l2s1556,3
monkeyc4l2s1557,3
monkeyc4l2s1558,3
monkeyc4l2s1559,3
monkeyc4l2s1560,3
monkeyc4l2s1561,3
monkeyc4l2s1562,3
monkeyc4l2s1563,3
monkeyc4l2s1564,3
monkeyc4l2s1565,3
monkeyc4l2s1566,3
monkeyc4l2s1567,3
monkeyc4l2s1568,3
monkeyc4l2s1569,3
monkeyc4l2s1570,3
monkeyc4l2s1571,3
monkeyc4l2s1572,3
monkeyc4l2s1573,3
monkeyc4l2s1574,3
monkeyc4l2s1575,3
monkeyc4l2s1576,3
monkeyc4l2s1577,3
monkeyc4l2s1578,3
monkeyc4l2s1579,3
monkeyc4l2s1580,3
monkeyc4l2s1581,3
monkeyc4l2s1582,3
monkeyc4l2s1583,3
monkeyc4l2s1584,3
monkeyc4l2s1585,3
monkeyc4l2s1586,3
monkeyc4l2s1587,3
monkeyc4l2s1588,3
monkeyc4l2s1589,3
monkeyc4l2s1590,3
monkeyc4l2s1591,3
monkeyc4l2s1592,3
monkeyc4l2s1593,3
monkeyc4l2s1594,3
monkeyc4l2s1595,3
monkeyc4l2s1596,3
monkeyc4l2s1597,3
monkeyc4l2s1598,3
monkeyc4l2s1599,3
monkeyc4l2s1600,3
monkeyc4l2s1601,3
monkeyc4l2s1602,3
monkeyc4l2s1603,3
monkeyc4l2s1604,3
monkeyc4l2s1605,3
monkeyc4l2s1606,3
monkeyc4l2s1607,3
monkeyc4l2s1608,3
monkeyc4l2s1609,3
monkeyc4l2s1610,3
monkeyc4l2s1611,3
monkeyc4l2s1612,3
monkeyc4l2s1613,3
monkeyc4l2s1614,3
monkeyc4l2s1615,3
monkeyc4l2s1616,3
monkeyc4l2s1617,3
monkeyc4l2s1618,3
monkeyc4l2s1619,3
monkeyc4l2s1620,3
monkeyc4l2s1621,3
monkeyc4l2s1622,3
monkeyc4l2s1623,3
monkeyc4l2s1624,3
monkeyc4l2s1625,3
monkeyc4l2s1626,3
monkeyc4l2s1627,3
monkeyc4l2s1628,3
monkeyc4l2s1629,3
monkeyc4l2s1630,3
monkeyc4l2s1631,3
monkeyc4l2s1632,3
monkeyc4l2s1633,3
monkeyc4l2s1634,3
monkeyc4l2s1635,3
monkeyc4l2s1636,3
monkeyc4l2s1637,3
monkeyc4l2s1638,3
monkeyc4l2s1639,3
monkeyc4l2s1640,3
monkeyc4l2s1641,3
monkeyc4l2s1642,3
monkeyc4l2s1643,3
monkeyc4l2s1644,3
monkeyc4l2s1645,3
monkeyc4l2s1646,3
monkeyc4l2s1647,3
monkeyc4l2s1648,3
monkeyc4l2s1649,3
monkeyc4l2s1650,3
monkeyc4l2s1651,3
monkeyc4l2s1652,3
monkeyc4l2s1653,3
monkeyc4l2s1654,3
monkeyc4l2s1655,3
monkeyc4l2s1656,3
monkeyc4l2s1657,3
monkeyc4l2s1658,3
monkeyc4l2s1659,3
monkeyc4l2s1660,3
monkeyc4l2s1661,3
monkeyc4l2s1662,3
monkeyc4l2s1663,3
monkeyc4l2s1664,3
monkeyc4l2s1665,3
monkeyc4l2s1666,3
monkeyc4l2s1667,3
monkeyc4l2s1668,3
monkeyc4l2s1669,3
monkeyc4l2s1670,3
monkeyc4l2s1671,3
monkeyc4l2s1672,3
monkeyc4l2s1673,3
monkeyc4l2s1674,3
monkeyc4l2s1675,3
monkeyc4l2s1676,3
monkeyc4l2s1677,3
monkeyc4l2s1678,3
monkeyc4l2s1679,3
monkeyc4l2s1680,3
monkeyc4l2s1681,3
monkeyc4l2s1682,3
monkeyc4l2s1683,3
monkeyc4l2s1684,3
monkeyc4l2s1685,3
monkeyc4l2s1686,3
monkeyc4l2s1687,3
monkeyc4l2s1688,3
monkeyc4l2s1689,3
monkeyc4l2s1690,3
monkeyc4l2s1691,3
monkeyc4l2s1692,3
monkeyc4l2s1693,3
monkeyc4l2s1694,3
monkeyc4l2s1695,3
monkeyc4l2s1696,3
monkeyc4l2s1697,3
monkeyc4l2s1698,3
monkeyc4l2s1699,3
monkeyc4l2s1700,3
monkeyc4l2s1701,3
monkeyc4l2s1702,3
monkeyc4l2s1703,3
monkeyc4l2s1704,3
monkeyc4l2s1705,3
monkeyc4l2s1706,3
monkeyc4l2s1707,3
monkeyc4l2s1708,3
monkeyc4l2s1709,3
monkeyc4l2s1710,3
monkeyc4l2s1711,3
monkeyc4l2s1712,3
monkeyc4l2s1713,3
monkeyc4l2s1714,3
monkeyc4l2s1715,3
monkeyc4l2s1716,3
monkeyc4l2s1717,3
monkeyc4l2s1718,3
monkeyc4l2s1719,3
monkeyc4l2s1720,3
monkeyc4l2s1721,3
monkeyc4l2s1722,3
monkeyc4l2s1723,3
monkeyc4l2s1724,3
monkeyc4l2s1725,3
monkeyc4l2s1726,3
monkeyc4l2s1727,3
monkeyc4l2s1728,3
monkeyc4l2s1729,3
monkeyc4l2s1730,3
monkeyc4l2s1731,3
monkeyc4l2s1732,3
monkeyc4l2s1733,3
monkeyc4l2s1734,3
monkeyc4l2s1735,3
monkeyc4l2s1736,3
monkeyc4l2s1737,3
monkeyc4l2s1738,3
monkeyc4l2s1739,3
monkeyc4l2s1740,3
monkeyc4l2s1741,3
monkeyc4l2s1742,3
monkeyc4l2s1743,3
monkeyc4l2s1744,3
monkeyc4l2s1745,3
monkeyc4l2s1746,3
monkeyc4l2s1747,3
monkeyc4l2s1748,3
monkeyc4l2s1749,3
monkeyc4l2s1750,3
monkeyc4l2s1751,3
monkeyc4l2s1752,3
monkeyc4l2s1753,3
monkeyc4l2s1754,3
monkeyc4l2s1755,3
monkeyc4l2s1756,3
monkeyc4l2s1757,3
monkeyc4l2s1758,3
monkeyc4l2s1759,3
monkeyc4l2s1760,3
monkeyc4l2s1761,3
monkeyc4l2s1762,3
monkeyc4l2s1763,3
monkeyc4l2s1764,3
monkeyc4l2s1765,3
monkeyc4l2s1766,3
monkeyc4l2s1767,3
monkeyc4l2s1768,3
monkeyc4l2s1769,3
monkeyc4l2s1770,3
monkeyc4l2s1771,3
monkeyc4l2s1772,3
monkeyc4l2s1773,3
monkeyc4l2s1774,3
monkeyc4l2s1775,3
monkeyc4l2s1776,3
monkeyc4l2s1777,3
monkeyc4l2s1778,3
monkeyc4l2s1779,3
monkeyc4l2s1780,3
monkeyc4l2s1781,3
monkeyc4l2s1782,3
monkeyc4l2s1783,3
monkeyc4l2s1784,3
monkeyc4l2s1785,3
monkeyc4l2s1786,3
monkeyc4l2s1787,3
monkeyc4l2s1788,3
monkeyc4l2s1789,3
monkeyc4l2s1790,3
monkeyc4l2s1791,3
monkeyc4l2s1792,3
monkeyc4l2s1793,3
monkeyc4l2s1794,3
monkeyc4l2s1795,3
monkeyc4l2s1796,3
monkeyc4l2s1797,3
monkeyc4l2s1798,3
monkeyc4l2s1799,3
monkeyc4l2s1800,3
monkeyc4l2s1801,3
monkeyc4l2s1802,3
monkeyc4l2s1803,3
monkeyc4l2s1804,3
monkeyc4l2s1805,3
monkeyc4l2s1806,3
monkeyc4l2s1807,3
monkeyc4l2s1808,3
monkeyc4l2s1809,3
monkeyc4l2s1810,3
monkeyc4l2s1811,3
monkeyc4l2s1812,3
monkeyc4l2s1813,3
monkeyc4l2s1814,3
monkeyc4l2s1815,3
monkeyc4l2s1816,3
monkeyc4l2s1817,3
monkeyc4l2s1818,3
monkeyc4l2s1819,3
monkeyc4l2s1820,3
monkeyc4l2s1821,3
monkeyc4l2s1822,3
monkeyc4l2s1823,3
monkeyc4l2s1824,3
monkeyc4l2s1825,3
monkeyc4l2s1826,3
monkeyc4l2s1827,3
monkeyc4l2s1828,3
monkeyc4l2s1829,3
monkeyc4l2s1830,3
monkeyc4l2s1831,3
monkeyc4l2s1832,3
monkeyc4l2s1833,3
monkeyc4l2s1834,3
monkeyc4l2s1835,3
monkeyc4l2s1836,3
monkeyc4l2s1837,3
monkeyc4l2s1838,3
monkeyc4l2s1839,3
monkeyc4l2s1840,3
monkeyc4l2s1841,3
monkeyc4l2s1842,3
monkeyc4l2s1843,3
monkeyc4l2s1844,3
monkeyc4l2s1845,3
monkeyc4l2s1846,3
monkeyc4l2s1847,3
monkeyc4l2s1848,3
monkeyc4l2s1849,3
monkeyc4l2s1850,3
monkeyc4l2s1851,3
monkeyc4l2s1852,3
monkeyc4l2s1853,3
monkeyc4l2s1854,3
monkeyc4l2s1855,3
monkeyc4l2s1856,3
monkeyc4l2s1857,3
monkeyc4l2s1858,3
monkeyc4l2s1859,3
monkeyc4l2s1860,3
monkeyc4l2s1861,3
monkeyc4l2s1862,3
monkeyc4l2s1863,3
monkeyc4l2s1864,3
monkeyc4l2s1865,3
monkeyc4l2s1866,3
monkeyc4l2s1867,3
monkeyc4l2s1868,3
monkeyc4l2s1869,3
monkeyc4l2s1870,3
monkeyc4l2s1871,3
monkeyc4l2s1872,3
monkeyc4l2s1873,3
monkeyc4l2s1874,3
monkeyc4l2s1875,3
monkeyc4l2s1876,3
monkeyc4l2s1877,3
monkeyc4l2s1878,3
monkeyc4l2s1879,3
monkeyc4l2s1880,3
monkeyc4l2s1881,3
monkeyc4l2s1882,3
monkeyc4l2s1883,3
monkeyc4l2s1884,3
monkeyc4l2s1885,3
monkeyc4l2s1886,3
monkeyc4l2s1887,3
monkeyc4l2s1888,3
monkeyc4l2s1889,3
monkeyc4l2s1890,3
monkeyc4l2s1891,3
monkeyc4l2s1892,3
monkeyc4l2s1893,3
monkeyc4l2s1894,3
monkeyc4l2s1895,3
monkeyc4l2s1896,3
monkeyc4l2s1897,3
monkeyc4l2s1898,3
monkeyc4l2s1899,3
monkeyc4l2s1900,3
monkeyc4l2s1901,3
monkeyc4l2s1902,3
monkeyc4l2s1903,3
monkeyc4l2s1904,3
monkeyc4l2s1905,3
monkeyc4l2s1906,3
monkeyc4l2s1907,3
monkeyc4l2s1908,3
monkeyc4l2s1909,3
monkeyc4l2s1910,3
monkeyc4l2s1911,3
monkeyc4l2s1912,3
monkeyc4l2s1913,3
monkeyc4l2s1914,3
monkeyc4l2s1915,3
monkeyc4l2s1916,3
monkeyc4l2s1917,3
monkeyc4l2s1918,3
monkeyc4l2s1919,3
monkeyc4l2s1920,3
monkeyc4l2s1921,3
monkeyc4l2s1922,3
monkeyc4l2s1923,3
monkeyc4l2s1924,3
monkeyc4l2s1925,3
monkeyc4l2s1926,3
monkeyc4l2s1927,3
monkeyc4l2s1928,3
monkeyc4l2s1929,3
monkeyc4l2s1930,3
monkeyc4l2s1931,3
monkeyc4l2s1932,3
monkeyc4l2s1933,3
monkeyc4l2s1934,3
monkeyc4l2s1935,3
monkeyc4l2s1936,3
monkeyc4l2s1937,3
monkeyc4l2s1938,3
monkeyc4l2s1939,3
monkeyc4l2s1940,3
monkeyc4l2s1941,3
monkeyc4l2s1942,3
monkeyc4l2s1943,3
monkeyc4l2s1944,3
monkeyc4l2s1945,3
monkeyc4l2s1946,3
monkeyc4l2s1947,3
monkeyc4l2s1948,3
monkeyc4l2s1949,3
monkeyc4l2s1950,3
monkeyc4l2s1951,3
monkeyc4l2s1952,3
monkeyc4l2s1953,3
monkeyc4l2s1954,3
monkeyc4l2s1955,3
monkeyc4l2s1956,3
monkeyc4l2s1957,3
monkeyc4l2s1958,3
monkeyc4l2s1959,3
monkeyc4l2s1960,3
monkeyc4l2s1961,3
monkeyc4l2s1962,3
monkeyc4l2s1963,3
monkeyc4l2s1964,3
monkeyc4l2s1965,3
monkeyc4l2s1966,3
monkeyc4l2s1967,3
monkeyc4l2s1968,3
monkeyc4l2s1969,3
monkeyc4l2s1970,3
monkeyc4l2s1971,3
monkeyc4l2s1972,3
monkeyc4l2s1973,3
monkeyc4l2s1974,3
monkeyc4l2s1975,3
monkeyc4l2s1976,3
monkeyc4l2s1977,3
monkeyc4l2s1978,3
monkeyc4l2s1979,3
monkeyc4l2s1980,3
monkeyc4l2s1981,3
monkeyc4l2s1982,3
monkeyc4l2s1983,3
monkeyc4l2s1984,3
monkeyc4l2s1985,3
monkeyc4l2s1986,3
monkeyc4l2s1987,3
monkeyc4l2s1988,3
monkeyc4l2s1989,3
monkeyc4l2s1990,3
monkeyc4l2s1991,3
monkeyc4l2s1992,3
monkeyc4l2s1993,3
monkeyc4l2s1994,3
monkeyc4l2s1995,3
monkeyc4l2s1996,3
monkeyc4l2s1997,3
monkeyc4l2s1998,3
monkeyc4l2s1999,3
monkeyc4l2s2000,3
monkeyc5hr1s2001,1
monkeyc5hr1s2002,7
monkeyc5hr1s2003,1
monkeyc5hr1s2004,7
monkeyc5hr1s2005,7
monkeyc5hr1s2006,7
monkeyc5hr1s2007,7
monkeyc5hr1s2008,1
monkeyc5hr1s2009,1
monkeyc5hr1s2010,1
monkeyc5hr1s2011,7
monkeyc5hr1s2012,7
monkeyc5hr1s2013,1
monkeyc5hr1s2014,1
monkeyc5hr1s2015,1
monkeyc5hr1s2016,1
monkeyc5hr1s2017,1
monkeyc5hr1s2018,6
monkeyc5hr1s2019,7
monkeyc5hr1s2020,6
monkeyc5hr1s2021,7
monkeyc5hr1s2022,6
monkeyc5hr1s2023,6
monkeyc5hr1s2024,7
monkeyc5hr1s2025,1
monkeyc5hr1s2026,1
monkeyc5hr1s2027,1
monkeyc5hr1s2028,1
monkeyc5hr1s2029,1
monkeyc5hr1s2030,6
monkeyc5hr1s2031,1
monkeyc5hr1s2032,6
monkeyc5hr1s2033,6
monkeyc5hr1s2034,6
monkeyc5hr1s2035,6
monkeyc5hr1s2036,1
monkeyc5hr1s2037,6
monkeyc5hr1s2038,1
monkeyc5hr1s2039,1
monkeyc5hr1s2040,7
monkeyc5hr1s2041,6
monkeyc5hr1s2042,1
monkeyc5hr1s2043,7
monkeyc5hr1s2044,6
monkeyc5hr1s2045,6
monkeyc5hr1s2046,6
monkeyc5hr1s2047,6
monkeyc5hr1s2048,1
monkeyc5hr1s2049,6
monkeyc5hr1s2050,1
monkeyc5hr1s2051,6
monkeyc5hr1s2052,6
monkeyc5hr1s2053,6
monkeyc5hr1s2054,1
monkeyc5hr1s2055,6
monkeyc5hr1s2056,7
monkeyc5hr1s2057,1
monkeyc5hr1s2058,1
monkeyc5hr1s2059,6
monkeyc5hr1s2060,6
monkeyc5hr1s2061,6
monkeyc5hr1s2062,1
monkeyc5hr1s2063,7
monkeyc5hr1s2064,6
monkeyc5hr1s2065,7
monkeyc5hr1s2066,7
monkeyc5hr1s2067,6
monkeyc5hr1s2068,7
monkeyc5hr1s2069,6
monkeyc5hr1s2070,6
monkeyc5hr1s2071,1
monkeyc5hr1s2072,6
monkeyc5hr1s2073,1
monkeyc5hr1s2074,7
monkeyc5hr1s2075,1
monkeyc5hr1s2076,6
monkeyc5hr1s2077,6
monkeyc5hr1s2078,6
monkeyc5hr1s2079,1
monkeyc5hr1s2080,7
monkeyc5hr1s2081,1
monkeyc5hr1s2082,6
monkeyc5hr1s2083,7
monkeyc5hr1s2084,1
monkeyc5hr1s2085,7
monkeyc5hr1s2086,6
monkeyc5hr1s2087,7
monkeyc5hr1s2088,1
monkeyc5hr1s2089,1
monkeyc5hr1s2090,7
monkeyc5hr1s2091,7
monkeyc5hr1s2092,7
monkeyc5hr1s2093,7
monkeyc5hr1s2094,1
monkeyc5hr1s2095,6
monkeyc5hr1s2096,6
monkeyc5hr1s2097,7
monkeyc5hr1s2098,7
monkeyc5hr1s2099,6
monkeyc5hr1s2100,6
monkeyc5hr1s2101,6
monkeyc5hr1s2102,7
monkeyc5hr1s2103,1
monkeyc5hr1s2104,7
monkeyc5hr1s2105,1
monkeyc5hr1s2106,1
monkeyc5hr1s2107,6
monkeyc5hr1s2108,7
monkeyc5hr1s2109,6
monkeyc5hr1s2110,6
monkeyc5hr1s2111,7
monkeyc5hr1s2112,1
monkeyc5hr1s2113,1
monkeyc5hr1s2114,6
monkeyc5hr1s2115,7
monkeyc5hr1s2116,7
monkeyc5hr1s2117,1
monkeyc5hr1s2118,6
monkeyc5hr1s2119,1
monkeyc5hr1s2120,6
monkeyc5hr1s2121,7
monkeyc5hr1s2122,1
monkeyc5hr1s2123,7
monkeyc5hr1s2124,6
monkeyc5hr1s2125,1
monkeyc5hr1s2126,1
monkeyc5hr1s2127,7
monkeyc5hr1s2128,6
monkeyc5hr1s2129,1
monkeyc5hr1s2130,1
monkeyc5hr1s2131,6
monkeyc5hr1s2132,7
monkeyc5hr1s2133,6
monkeyc5hr1s2134,6
monkeyc5hr1s2135,1
monkeyc5hr1s2136,6
monkeyc5hr1s2137,1
monkeyc5hr1s2138,7
monkeyc5hr1s2139,6
monkeyc5hr1s2140,7
monkeyc5hr1s2141,1
monkeyc5hr1s2142,7
monkeyc5hr1s2143,6
monkeyc5hr1s2144,1
monkeyc5hr1s2145,7
monkeyc5hr1s2146,6
monkeyc5hr1s2147,7
monkeyc5hr1s2148,6
monkeyc5hr1s2149,7
monkeyc5hr1s2150,7
monkeyc5hr1s2151,1
monkeyc5hr1s2152,1
monkeyc5hr1s2153,7
monkeyc5hr1s2154,1
monkeyc5hr1s2155,7
monkeyc5hr1s2156,1
monkeyc5hr1s2157,1
monkeyc5hr1s2158,1
monkeyc5hr1s2159,7
monkeyc5hr1s2160,6
monkeyc5hr1s2161,1
monkeyc5hr1s2162,1
monkeyc5hr1s2163,1
monkeyc5hr1s2164,7
monkeyc5hr1s2165,1
monkeyc5hr1s2166,6
monkeyc5hr1s2167,7
monkeyc5hr1s2168,1
monkeyc5hr1s2169,6
monkeyc5hr1s2170,7
monkeyc5hr1s2171,7
monkeyc5hr1s2172,6
monkeyc5hr1s2173,1
monkeyc5hr1s2174,6
monkeyc5hr1s2175,1
monkeyc5hr1s2176,7
monkeyc5hr1s2177,1
monkeyc5hr1s2178,1
monkeyc5hr1s2179,6
monkeyc5hr1s2180,1
monkeyc5hr1s2181,7
monkeyc5hr1s2182,6
monkeyc5hr1s2183,1
monkeyc5hr1s2184,1
monkeyc5hr1s2185,6
monkeyc5hr1s2186,1
monkeyc5hr1s2187,6
monkeyc5hr1s2188,6
monkeyc5hr1s2189,1
monkeyc5hr1s2190,1
monkeyc5hr1s2191,6
monkeyc5hr1s2192,1
monkeyc5hr1s2193,1
monkeyc5hr1s2194,1
monkeyc5hr1s2195,6
monkeyc5hr1s2196,6
monkeyc5hr1s2197,6
monkeyc5hr1s2198,6
monkeyc5hr1s2199,1
monkeyc5hr1s2200,1
monkeyc5hr1s2201,1
monkeyc5hr1s2202,1
monkeyc5hr1s2203,1
monkeyc5hr1s2204,1
monkeyc5hr1s2205,7
monkeyc5hr1s2206,6
monkeyc5hr1s2207,1
monkeyc5hr1s2208,1
monkeyc5hr1s2209,6
monkeyc5hr1s2210,1
monkeyc5hr1s2211,7
monkeyc5hr1s2212,1
monkeyc5hr1s2213,7
monkeyc5hr1s2214,1
monkeyc5hr1s2215,7
monkeyc5hr1s2216,6
monkeyc5hr1s2217,1
monkeyc5hr1s2218,7
monkeyc5hr1s2219,6
monkeyc5hr1s2220,7
monkeyc5hr1s2221,1
monkeyc5hr1s2222,1
monkeyc5hr1s2223,1
monkeyc5hr1s2224,6
monkeyc5hr1s2225,1
monkeyc5hr1s2226,1
monkeyc5hr1s2227,7
monkeyc5hr1s2228,1
monkeyc5hr1s2229,1
monkeyc5hr1s2230,1
monkeyc5hr1s2231,7
monkeyc5hr1s2232,1
monkeyc5hr1s2233,7
monkeyc5hr1s2234,1
monkeyc5hr1s2235,6
monkeyc5hr1s2236,1
monkeyc5hr1s2237,7
monkeyc5hr1s2238,1
monkeyc5hr1s2239,7
monkeyc5hr1s2240,7
monkeyc5hr1s2241,7
monkeyc5hr1s2242,6
monkeyc5hr1s2243,1
monkeyc5hr1s2244,1
monkeyc5hr1s2245,1
monkeyc5hr1s2246,7
monkeyc5hr1s2247,6
monkeyc5hr1s2248,1
monkeyc5hr1s2249,1
monkeyc5hr1s2250,7
monkeyc5hr1s2251,6
monkeyc5hr1s2252,7
monkeyc5hr1s2253,1
monkeyc5hr1s2254,7
monkeyc5hr1s2255,1
monkeyc5hr1s2256,6
monkeyc5hr1s2257,6
monkeyc5hr1s2258,6
monkeyc5hr1s2259,7
monkeyc5hr1s2260,7
monkeyc5hr1s2261,1
monkeyc5hr1s2262,6
monkeyc5hr1s2263,1
monkeyc5hr1s2264,7
monkeyc5hr1s2265,7
monkeyc5hr1s2266,1
monkeyc5hr1s2267,7
monkeyc5hr1s2268,7
monkeyc5hr1s2269,6
monkeyc5hr1s2270,6
monkeyc5hr1s2271,6
monkeyc5hr1s2272,6
monkeyc5hr1s2273,6
monkeyc5hr1s2274,1
monkeyc5hr1s2275,7
monkeyc5hr1s2276,6
monkeyc5hr1s2277,6
monkeyc5hr1s2278,7
monkeyc5hr1s2279,7
monkeyc5hr1s2280,1
monkeyc5hr1s2281,7
monkeyc5hr1s2282,6
monkeyc5hr1s2283,1
monkeyc5hr1s2284,7
monkeyc5hr1s2285,1
monkeyc5hr1s2286,7
monkeyc5hr1s2287,1
monkeyc5hr1s2288,7
monkeyc5hr1s2289,7
monkeyc5hr1s2290,7
monkeyc5hr1s2291,1
monkeyc5hr1s2292,1
monkeyc5hr1s2293,1
monkeyc5hr1s2294,1
monkeyc5hr1s2295,1
monkeyc5hr1s2296,6
monkeyc5hr1s2297,7
monkeyc5hr1s2298,7
monkeyc5hr1s2299,1
monkeyc5hr1s2300,1
monkeyc5hr1s2301,1
monkeyc5hr1s2302,6
monkeyc5hr1s2303,6
monkeyc5hr1s2304,6
monkeyc5hr1s2305,1
monkeyc5hr1s2306,6
monkeyc5hr1s2307,7
monkeyc5hr1s2308,6
monkeyc5hr1s2309,6
monkeyc5hr1s2310,7
monkeyc5hr1s2311,1
monkeyc5hr1s2312,1
monkeyc5hr1s2313,6
monkeyc5hr1s2314,7
monkeyc5hr1s2315,1
monkeyc5hr1s2316,1
monkeyc5hr1s2317,7
monkeyc5hr1s2318,1
monkeyc5hr1s2319,6
monkeyc5hr1s2320,7
monkeyc5hr1s2321,1
monkeyc5hr1s2322,7
monkeyc5hr1s2323,6
monkeyc5hr1s2324,1
monkeyc5hr1s2325,6
monkeyc5hr1s2326,1
monkeyc5hr1s2327,7
monkeyc5hr1s2328,6
monkeyc5hr1s2329,7
monkeyc5hr1s2330,1
monkeyc5hr1s2331,1
monkeyc5hr1s2332,7
monkeyc5hr1s2333,7
monkeyc5hr1s2334,1
monkeyc5hr1s2335,7
monkeyc5hr1s2336,1
monkeyc5hr1s2337,1
monkeyc5hr1s2338,7
monkeyc5hr1s2339,1
monkeyc5hr1s2340,1
monkeyc5hr1s2341,1
monkeyc5hr1s2342,7
monkeyc5hr1s2343,7
monkeyc5hr1s2344,1
monkeyc5hr1s2345,1
monkeyc5hr1s2346,7
monkeyc5hr1s2347,1
monkeyc5hr1s2348,1
monkeyc5hr1s2349,7
monkeyc5hr1s2350,7
monkeyc5hr1s2351,7
monkeyc5hr1s2352,6
monkeyc5hr1s2353,7
monkeyc5hr1s2354,6
monkeyc5hr1s2355,1
monkeyc5hr1s2356,1
monkeyc5hr1s2357,6
monkeyc5hr1s2358,6
monkeyc5hr1s2359,1
monkeyc5hr1s2360,6
monkeyc5hr1s2361,1
monkeyc5hr1s2362,1
monkeyc5hr1s2363,1
monkeyc5hr1s2364,7
monkeyc5hr1s2365,6
monkeyc5hr1s2366,6
monkeyc5hr1s2367,7
monkeyc5hr1s2368,6
monkeyc5hr1s2369,1
monkeyc5hr1s2370,6
monkeyc5hr1s2371,6
monkeyc5hr1s2372,1
monkeyc5hr1s2373,7
monkeyc5hr1s2374,7
monkeyc5hr1s2375,7
monkeyc5hr1s2376,7
monkeyc5hr1s2377,1
monkeyc5hr1s2378,1
monkeyc5hr1s2379,1
monkeyc5hr1s2380,1
monkeyc5hr1s2381,6
monkeyc5hr1s2382,7
monkeyc5hr1s2383,7
monkeyc5hr1s2384,6
monkeyc5hr1s2385,7
monkeyc5hr1s2386,6
monkeyc5hr1s2387,7
monkeyc5hr1s2388,6
monkeyc5hr1s2389,7
monkeyc5hr1s2390,1
monkeyc5hr1s2391,6
monkeyc5hr1s2392,1
monkeyc5hr1s2393,7
monkeyc5hr1s2394,1
monkeyc5hr1s2395,7
monkeyc5hr1s2396,1
monkeyc5hr1s2397,6
monkeyc5hr1s2398,6
monkeyc5hr1s2399,7
monkeyc5hr1s2400,1
monkeyc5hr1s2401,6
monkeyc5hr1s2402,7
monkeyc5hr1s2403,6
monkeyc5hr1s2404,7
monkeyc5hr1s2405,1
monkeyc5hr1s2406,7
monkeyc5hr1s2407,1
monkeyc5hr1s2408,1
monkeyc5hr1s2409,7
monkeyc5hr1s2410,7
monkeyc5hr1s2411,7
monkeyc5hr1s2412,7
monkeyc5hr1s2413,1
monkeyc5hr1s2414,1
monkeyc5hr1s2415,6
monkeyc5hr1s2416,1
monkeyc5hr1s2417,7
monkeyc5hr1s2418,1
monkeyc5hr1s2419,1
monkeyc5hr1s2420,1
monkeyc5hr1s2421,1
monkeyc5hr1s2422,7
monkeyc5hr1s2423,7
monkeyc5hr1s2424,6
monkeyc5hr1s2425,6
monkeyc5hr1s2426,1
monkeyc5hr1s2427,6
monkeyc5hr1s2428,7
monkeyc5hr1s2429,6
monkeyc5hr1s2430,6
monkeyc5hr1s2431,1
monkeyc5hr1s2432,6
monkeyc5hr1s2433,1
monkeyc5hr1s2434,1
monkeyc5hr1s2435,6
monkeyc5hr1s2436,7
monkeyc5hr1s2437,6
monkeyc5hr1s2438,7
monkeyc5hr1s2439,7
monkeyc5hr1s2440,7
monkeyc5hr1s2441,7
monkeyc5hr1s2442,7
monkeyc5hr1s2443,7
monkeyc5hr1s2444,6
monkeyc5hr1s2445,1
monkeyc5hr1s2446,1
monkeyc5hr1s2447,7
monkeyc5hr1s2448,7
monkeyc5hr1s2449,6
monkeyc5hr1s2450,7
monkeyc5hr1s2451,7
monkeyc5hr1s2452,6
monkeyc5hr1s2453,6
monkeyc5hr1s2454,1
monkeyc5hr1s2455,6
monkeyc5hr1s2456,6
monkeyc5hr1s2457,1
monkeyc5hr1s2458,1
monkeyc5hr1s2459,1
monkeyc5hr1s2460,6
monkeyc5hr1s2461,7
monkeyc5hr1s2462,7
monkeyc5hr1s2463,7
monkeyc5hr1s2464,6
monkeyc5hr1s2465,1
monkeyc5hr1s2466,7
monkeyc5hr1s2467,6
monkeyc5hr1s2468,6
monkeyc5hr1s2469,6
monkeyc5hr1s2470,7
monkeyc5hr1s2471,6
monkeyc5hr1s2472,7
monkeyc5hr1s2473,6
monkeyc5hr1s2474,6
monkeyc5hr1s2475,1
monkeyc5hr1s2476,7
monkeyc5hr1s2477,1
monkeyc5hr1s2478,7
monkeyc5hr1s2479,7
monkeyc5hr1s2480,1
monkeyc5hr1s2481,7
monkeyc5hr1s2482,1
monkeyc5hr1s2483,6
monkeyc5hr1s2484,6
monkeyc5hr1s2485,1
monkeyc5hr1s2486,7
monkeyc5hr1s2487,1
monkeyc5hr1s2488,1
monkeyc5hr1s2489,7
monkeyc5hr1s2490,6
monkeyc5hr1s2491,1
monkeyc5hr1s2492,7
monkeyc5hr1s2493,1
monkeyc5hr1s2494,7
monkeyc5hr1s2495,1
monkeyc5hr1s2496,1
monkeyc5hr1s2497,1
monkeyc5hr1s2498,7
monkeyc5hr1s2499,1
monkeyc5hr1s2500,6
monkeyc6r1s2501,6
monkeyc6r1s2502,3
monkeyc6r1s2503,6
monkeyc6r1s2504,3
monkeyc6r1s2505,6
monkeyc6r1s2506,2
monkeyc6r1s2507,1
monkeyc6r1s2508,8
monkeyc6r1s2509,6
monkeyc6r1s2510,8
monkeyc6r1s2511,7
monkeyc6r1s2512,6
monkeyc6r1s2513,1
monkeyc6r1s2514,1
monkeyc6r1s2515,1
monkeyc6r1s2516,8
monkeyc6r1s2517,7
monkeyc6r1s2518,8
monkeyc6r1s2519,6
monkeyc6r1s2520,8
monkeyc6r1s2521,7
monkeyc6r1s2522,6
monkeyc6r1s2523,7
monkeyc6r1s2524,8
monkeyc6r1s2525,1
monkeyc6r1s2526,1
monkeyc6r1s2527,7
monkeyc6r1s2528,8
monkeyc6r1s2529,1
monkeyc6r1s2530,7
monkeyc6r1s2531,7
monkeyc6r1s2532,8
monkeyc6r1s2533,7
monkeyc6r1s2534,8
monkeyc6r1s2535,7
monkeyc6r1s2536,3
monkeyc6r1s2537,1
monkeyc6r1s2538,8
monkeyc6r1s2539,6
monkeyc6r1s2540,7
monkeyc6r1s2541,7
monkeyc6r1s2542,3
monkeyc6r1s2543,7
monkeyc6r1s2544,8
monkeyc6r1s2545,6
monkeyc6r1s2546,6
monkeyc6r1s2547,7
monkeyc6r1s2548,3
monkeyc6r1s2549,7
monkeyc6r1s2550,3
monkeyc6r1s2551,1
monkeyc6r1s2552,8
monkeyc6r1s2553,1
monkeyc6r1s2554,8
monkeyc6r1s2555,6
monkeyc6r1s2556,1
monkeyc6r1s2557,6
monkeyc6r1s2558,3
monkeyc6r1s2559,6
monkeyc6r1s2560,8
monkeyc6r1s2561,6
monkeyc6r1s2562,3
monkeyc6r1s2563,7
monkeyc6r1s2564,3
monkeyc6r1s2565,1
monkeyc6r1s2566,8
monkeyc6r1s2567,7
monkeyc6r1s2568,8
monkeyc6r1s2569,7
monkeyc6r1s2570,2
monkeyc6r1s2571,1
monkeyc6r1s2572,6
monkeyc6r1s2573,1
monkeyc6r1s2574,8
monkeyc6r1s2575,1
monkeyc6r1s2576,8
monkeyc6r1s2577,8
monkeyc6r1s2578,3
monkeyc6r1s2579,1
monkeyc6r1s2580,3
monkeyc6r1s2581,1
monkeyc6r1s2582,8
monkeyc6r1s2583,1
monkeyc6r1s2584,6
monkeyc6r1s2585,6
monkeyc6r1s2586,6
monkeyc6r1s2587,6
monkeyc6r1s2588,4
monkeyc6r1s2589,1
monkeyc6r1s2590,8
monkeyc6r1s2591,6
monkeyc6r1s2592,8
monkeyc6r1s2593,7
monkeyc6r1s2594,8
monkeyc6r1s2595,7
monkeyc6r1s2596,6
monkeyc6r1s2597,7
monkeyc6r1s2598,3
monkeyc6r1s2599,1
monkeyc6r1s2600,8
monkeyc6r1s2601,1
monkeyc6r1s2602,4
monkeyc6r1s2603,6
monkeyc6r1s2604,1
monkeyc6r1s2605,6
monkeyc6r1s2606,3
monkeyc6r1s2607,7
monkeyc6r1s2608,3
monkeyc6r1s2609,1
monkeyc6r1s2610,1
monkeyc6r1s2611,7
monkeyc6r1s2612,3
monkeyc6r1s2613,1
monkeyc6r1s2614,2
monkeyc6r1s2615,7
monkeyc6r1s2616,8
monkeyc6r1s2617,7
monkeyc6r1s2618,8
monkeyc6r1s2619,7
monkeyc6r1s2620,8
monkeyc6r1s2621,7
monkeyc6r1s2622,3
monkeyc6r1s2623,1
monkeyc6r1s2624,3
monkeyc6r1s2625,6
monkeyc6r1s2626,3
monkeyc6r1s2627,7
monkeyc6r1s2628,8
monkeyc6r1s2629,6
monkeyc6r1s2630,4
monkeyc6r1s2631,3
monkeyc6r1s2632,4
monkeyc6r1s2633,1
monkeyc6r1s2634,3
monkeyc6r1s2635,6
monkeyc6r1s2636,3
monkeyc6r1s2637,8
monkeyc6r1s2638,8
monkeyc6r1s2639,1
monkeyc6r1s2640,3
monkeyc6r1s2641,7
monkeyc6r1s2642,1
monkeyc6r1s2643,7
monkeyc6r1s2644,7
monkeyc6r1s2645,7
monkeyc6r1s2646,3
monkeyc6r1s2647,6
monkeyc6r1s2648,8
monkeyc6r1s2649,1
monkeyc6r1s2650,3
monkeyc6r1s2651,8
monkeyc6r1s2652,8
monkeyc6r1s2653,1
monkeyc6r1s2654,8
monkeyc6r1s2655,1
monkeyc6r1s2656,8
monkeyc6r1s2657,1
monkeyc6r1s2658,6
monkeyc6r1s2659,7
monkeyc6r1s2660,3
monkeyc6r1s2661,1
monkeyc6r1s2662,8
monkeyc6r1s2663,1
monkeyc6r1s2664,3
monkeyc6r1s2665,1
monkeyc6r1s2666,6
monkeyc6r1s2667,7
monkeyc6r1s2668,3
monkeyc6r1s2669,1
monkeyc6r1s2670,3
monkeyc6r1s2671,1
monkeyc6r1s2672,8
monkeyc6r1s2673,7
monkeyc6r1s2674,3
monkeyc6r1s2675,6
monkeyc6r1s2676,6
monkeyc6r1s2677,6
monkeyc6r1s2678,8
monkeyc6r1s2679,1
monkeyc6r1s2680,3
monkeyc6r1s2681,1
monkeyc6r1s2682,1
monkeyc6r1s2683,7
monkeyc6r1s2684,2
monkeyc6r1s2685,6
monkeyc6r1s2686,4
monkeyc6r1s2687,1
monkeyc6r1s2688,3
monkeyc6r1s2689,7
monkeyc6r1s2690,3
monkeyc6r1s2691,1
monkeyc6r1s2692,3
monkeyc6r1s2693,6
monkeyc6r1s2694,8
monkeyc6r1s2695,1
monkeyc6r1s2696,2
monkeyc6r1s2697,1
monkeyc6r1s2698,3
monkeyc6r1s2699,6
monkeyc6r1s2700,3
monkeyc6r1s2701,8
monkeyc6r1s2702,8
monkeyc6r1s2703,1
monkeyc6r1s2704,8
monkeyc6r1s2705,1
monkeyc6r1s2706,1
monkeyc6r1s2707,1
monkeyc6r1s2708,1
monkeyc6r1s2709,1
monkeyc6r1s2710,6
monkeyc6r1s2711,1
monkeyc6r1s2712,3
monkeyc6r1s2713,3
monkeyc6r1s2714,8
monkeyc6r1s2715,7
monkeyc6r1s2716,8
monkeyc6r1s2717,1
monkeyc6r1s2718,3
monkeyc6r1s2719,6
monkeyc6r1s2720,8
monkeyc6r1s2721,1
monkeyc6r1s2722,8
monkeyc6r1s2723,1
monkeyc6r1s2724,8
monkeyc6r1s2725,7
monkeyc6r1s2726,7
monkeyc6r1s2727,7
monkeyc6r1s2728,2
monkeyc6r1s2729,6
monkeyc6r1s2730,3
monkeyc6r1s2731,7
monkeyc6r1s2732,3
monkeyc6r1s2733,7
monkeyc6r1s2734,3
monkeyc6r1s2735,1
monkeyc6r1s2736,3
monkeyc6r1s2737,1
monkeyc6r1s2738,8
monkeyc6r1s2739,7
monkeyc6r1s2740,3
monkeyc6r1s2741,1
monkeyc6r1s2742,8
monkeyc6r1s2743,7
monkeyc6r1s2744,2
monkeyc6r1s2745,1
monkeyc6r1s2746,6
monkeyc6r1s2747,1
monkeyc6r1s2748,3
monkeyc6r1s2749,6
monkeyc6r1s2750,7
monkeyc6r1s2751,6
monkeyc6r1s2752,6
monkeyc6r1s2753,7
monkeyc6r1s2754,6
monkeyc6r1s2755,3
monkeyc6r1s2756,8
monkeyc6r1s2757,7
monkeyc6r1s2758,6
monkeyc6r1s2759,7
monkeyc6r1s2760,3
monkeyc6r1s2761,7
monkeyc6r1s2762,3
monkeyc6r1s2763,7
monkeyc6r1s2764,7
monkeyc6r1s2765,1
monkeyc6r1s2766,3
monkeyc6r1s2767,3
monkeyc6r1s2768,8
monkeyc6r1s2769,6
monkeyc6r1s2770,8
monkeyc6r1s2771,1
monkeyc6r1s2772,3
monkeyc6r1s2773,6
monkeyc6r1s2774,8
monkeyc6r1s2775,3
monkeyc6r1s2776,8
monkeyc6r1s2777,1
monkeyc6r1s2778,8
monkeyc6r1s2779,6
monkeyc6r1s2780,8
monkeyc6r1s2781,1
monkeyc6r1s2782,3
monkeyc6r1s2783,1
monkeyc6r1s2784,1
monkeyc6r1s2785,6
monkeyc6r1s2786,6
monkeyc6r1s2787,3
monkeyc6r1s2788,3
monkeyc6r1s2789,3
monkeyc6r1s2790,8
monkeyc6r1s2791,1
monkeyc6r1s2792,6
monkeyc6r1s2793,1
monkeyc6r1s2794,8
monkeyc6r1s2795,6
monkeyc6r1s2796,3
monkeyc6r1s2797,1
monkeyc6r1s2798,1
monkeyc6r1s2799,1
monkeyc6r1s2800,8
monkeyc6r1s2801,6
monkeyc6r1s2802,3
monkeyc6r1s2803,6
monkeyc6r1s2804,8
monkeyc6r1s2805,1
monkeyc6r1s2806,1
monkeyc6r1s2807,1
monkeyc6r1s2808,8
monkeyc6r1s2809,6
monkeyc6r1s2810,8
monkeyc6r1s2811,7
monkeyc6r1s2812,3
monkeyc6r1s2813,1
monkeyc6r1s2814,3
monkeyc6r1s2815,7
monkeyc6r1s2816,8
monkeyc6r1s2817,1
monkeyc6r1s2818,3
monkeyc6r1s2819,7
monkeyc6r1s2820,6
monkeyc6r1s2821,1
monkeyc6r1s2822,8
monkeyc6r1s2823,6
monkeyc6r1s2824,8
monkeyc6r1s2825,6
monkeyc6r1s2826,3
monkeyc6r1s2827,6
monkeyc6r1s2828,3
monkeyc6r1s2829,7
monkeyc6r1s2830,3
monkeyc6r1s2831,6
monkeyc6r1s2832,3
monkeyc6r1s2833,7
monkeyc6r1s2834,8
monkeyc6r1s2835,6
monkeyc6r1s2836,8
monkeyc6r1s2837,7
monkeyc6r1s2838,8
monkeyc6r1s2839,1
monkeyc6r1s2840,3
monkeyc6r1s2841,6
monkeyc6r1s2842,8
monkeyc6r1s2843,6
monkeyc6r1s2844,3
monkeyc6r1s2845,7
monkeyc6r1s2846,3
monkeyc6r1s2847,7
monkeyc6r1s2848,8
monkeyc6r1s2849,1
monkeyc6r1s2850,8
monkeyc6r1s2851,6
monkeyc6r1s2852,3
monkeyc6r1s2853,6
monkeyc6r1s2854,8
monkeyc6r1s2855,1
monkeyc6r1s2856,3
monkeyc6r1s2857,1
monkeyc6r1s2858,6
monkeyc6r1s2859,7
monkeyc6r1s2860,3
monkeyc6r1s2861,6
monkeyc6r1s2862,6
monkeyc6r1s2863,1
monkeyc6r1s2864,8
monkeyc6r1s2865,6
monkeyc6r1s2866,3
monkeyc6r1s2867,1
monkeyc6r1s2868,8
monkeyc6r1s2869,6
monkeyc6r1s2870,8
monkeyc6r1s2871,1
monkeyc6r1s2872,1
monkeyc6r1s2873,1
monkeyc6r1s2874,8
monkeyc6r1s2875,7
monkeyc6r1s2876,8
monkeyc6r1s2877,1
monkeyc6r1s2878,3
monkeyc6r1s2879,6
monkeyc6r1s2880,3
monkeyc6r1s2881,7
monkeyc6r1s2882,3
monkeyc6r1s2883,1
monkeyc6r1s2884,3
monkeyc6r1s2885,6
monkeyc6r1s2886,8
monkeyc6r1s2887,1
monkeyc6r1s2888,6
monkeyc6r1s2889,7
monkeyc6r1s2890,3
monkeyc6r1s2891,1
monkeyc6r1s2892,6
monkeyc6r1s2893,7
monkeyc6r1s2894,3
monkeyc6r1s2895,7
monkeyc6r1s2896,6
monkeyc6r1s2897,7
monkeyc6r1s2898,3
monkeyc6r1s2899,1
monkeyc6r1s2900,8
monkeyc6r1s2901,6
monkeyc6r1s2902,8
monkeyc6r1s2903,7
monkeyc6r1s2904,8
monkeyc6r1s2905,1
monkeyc6r1s2906,6
monkeyc6r1s2907,7
monkeyc6r1s2908,8
monkeyc6r1s2909,6
monkeyc6r1s2910,3
monkeyc6r1s2911,1
monkeyc6r1s2912,3
monkeyc6r1s2913,1
monkeyc6r1s2914,8
monkeyc6r1s2915,1
monkeyc6r1s2916,8
monkeyc6r1s2917,1
monkeyc6r1s2918,3
monkeyc6r1s2919,6
monkeyc6r1s2920,1
monkeyc6r1s2921,6
monkeyc6r1s2922,6
monkeyc6r1s2923,3
monkeyc6r1s2924,8
monkeyc6r1s2925,7
monkeyc6r1s2926,3
monkeyc6r1s2927,1
monkeyc6r1s2928,2
monkeyc6r1s2929,6
monkeyc6r1s2930,6
monkeyc6r1s2931,6
monkeyc6r1s2932,8
monkeyc6r1s2933,1
monkeyc6r1s2934,3
monkeyc6r1s2935,1
monkeyc6r1s2936,3
monkeyc6r1s2937,3
monkeyc6r1s2938,3
monkeyc6r1s2939,6
monkeyc6r1s2940,8
monkeyc6r1s2941,1
monkeyc6r1s2942,3
monkeyc6r1s2943,6
monkeyc6r1s2944,8
monkeyc6r1s2945,6
monkeyc6r1s2946,2
monkeyc6r1s2947,1
monkeyc6r1s2948,8
monkeyc6r1s2949,1
monkeyc6r1s2950,8
monkeyc6r1s2951,3
monkeyc6r1s2952,6
monkeyc6r1s2953,1
monkeyc6r1s2954,8
monkeyc6r1s2955,7
monkeyc6r1s2956,8
monkeyc6r1s2957,7
monkeyc6r1s2958,8
monkeyc6r1s2959,1
monkeyc6r1s2960,8
monkeyc6r1s2961,7
monkeyc6r1s2962,1
monkeyc6r1s2963,7
monkeyc6r1s2964,3
monkeyc6r1s2965,7
monkeyc6r1s2966,3
monkeyc6r1s2967,7
monkeyc6r1s2968,3
monkeyc6r1s2969,1
monkeyc6r1s2970,3
monkeyc6r1s2971,1
monkeyc6r1s2972,1
monkeyc6r1s2973,7
monkeyc6r1s2974,3
monkeyc6r1s2975,1
monkeyc6r1s2976,8
monkeyc6r1s2977,7
monkeyc6r1s2978,6
monkeyc6r1s2979,1
monkeyc6r1s2980,8
monkeyc6r1s2981,1
monkeyc6r1s2982,1
monkeyc6r1s2983,7
monkeyc6r1s2984,8
monkeyc6r1s2985,6
monkeyc6r1s2986,3
monkeyc6r1s2987,7
monkeyc6r1s2988,7
monkeyc6r1s2989,1
monkeyc6r1s2990,3
monkeyc6r1s2991,6
monkeyc6r1s2992,8
monkeyc6r1s2993,7
monkeyc6r1s2994,4
monkeyc6r1s2995,7
monkeyc6r1s2996,3
monkeyc6r1s2997,8
monkeyc6r1s2998,4
monkeyc6r1s2999,7
monkeyc6r1s3000,4
monkeyc7sp1s3001,2
monkeyc7sp1s3002,2
monkeyc7sp1s3003,2
monkeyc7sp1s3004,2
monkeyc7sp1s3005,2
monkeyc7sp1s3006,2
monkeyc7sp1s3007,2
monkeyc7sp1s3008,2
monkeyc7sp1s3009,2
monkeyc7sp1s3010,2
monkeyc7sp1s3011,2
monkeyc7sp1s3012,2
monkeyc7sp1s3013,2
monkeyc7sp1s3014,2
monkeyc7sp1s3015,2
monkeyc7sp1s3016,2
monkeyc7sp1s3017,2
monkeyc7sp1s3018,2
monkeyc7sp1s3019,2
monkeyc7sp1s3020,2
monkeyc7sp1s3021,2
monkeyc7sp1s3022,2
monkeyc7sp1s3023,2
monkeyc7sp1s3024,2
monkeyc7sp1s3025,2
monkeyc7sp1s3026,2
monkeyc7sp1s3027,2
monkeyc7sp1s3028,2
monkeyc7sp1s3029,2
monkeyc7sp1s3030,2
monkeyc7sp1s3031,2
monkeyc7sp1s3032,2
monkeyc7sp1s3033,2
monkeyc7sp1s3034,2
monkeyc7sp1s3035,2
monkeyc7sp1s3036,2
monkeyc7sp1s3037,2
monkeyc7sp1s3038,2
monkeyc7sp1s3039,2
monkeyc7sp1s3040,2
monkeyc7sp1s3041,2
monkeyc7sp1s3042,2
monkeyc7sp1s3043,2
monkeyc7sp1s3044,2
monkeyc7sp1s3045,2
monkeyc7sp1s3046,2
monkeyc7sp1s3047,2
monkeyc7sp1s3048,2
monkeyc7sp1s3049,2
monkeyc7sp1s3050,2
monkeyc7sp1s3051,2
monkeyc7sp1s3052,2
monkeyc7sp1s3053,2
monkeyc7sp1s3054,2
monkeyc7sp1s3055,2
monkeyc7sp1s3056,2
monkeyc7sp1s3057,2
monkeyc7sp1s3058,2
monkeyc7sp1s3059,2
monkeyc7sp1s3060,2
monkeyc7sp1s3061,2
monkeyc7sp1s3062,2
monkeyc7sp1s3063,2
monkeyc7sp1s3064,2
monkeyc7sp1s3065,2
monkeyc7sp1s3066,2
monkeyc7sp1s3067,2
monkeyc7sp1s3068,2
monkeyc7sp1s3069,2
monkeyc7sp1s3070,2
monkeyc7sp1s3071,2
monkeyc7sp1s3072,2
monkeyc7sp1s3073,2
monkeyc7sp1s3074,2
monkeyc7sp1s3075,2
monkeyc7sp1s3076,2
monkeyc7sp1s3077,2
monkeyc7sp1s3078,2
monkeyc7sp1s3079,2
monkeyc7sp1s3080,2
monkeyc7sp1s3081,2
monkeyc7sp1s3082,2
monkeyc7sp1s3083,2
monkeyc7sp1s3084,2
monkeyc7sp1s3085,2
monkeyc7sp1s3086,2
monkeyc7sp1s3087,2
monkeyc7sp1s3088,2
monkeyc7sp1s3089,2
monkeyc7sp1s3090,2
monkeyc7sp1s3091,2
monkeyc7sp1s3092,2
monkeyc7sp1s3093,2
monkeyc7sp1s3094,2
monkeyc7sp1s3095,2
monkeyc7sp1s3096,2
monkeyc7sp1s3097,2
monkeyc7sp1s3098,2
monkeyc7sp1s3099,2
monkeyc7sp1s3100,2
monkeyc7sp1s3101,2
monkeyc7sp1s3102,2
monkeyc7sp1s3103,2
monkeyc7sp1s3104,2
monkeyc7sp1s3105,2
monkeyc7sp1s3106,2
monkeyc7sp1s3107,2
monkeyc7sp1s3108,2
monkeyc7sp1s3109,2
monkeyc7sp1s3110,2
monkeyc7sp1s3111,2
monkeyc7sp1s3112,2
monkeyc7sp1s3113,2
monkeyc7sp1s3114,2
monkeyc7sp1s3115,2
monkeyc7sp1s3116,2
monkeyc7sp1s3117,2
monkeyc7sp1s3118,2
monkeyc7sp1s3119,2
monkeyc7sp1s3120,2
monkeyc7sp1s3121,2
monkeyc7sp1s3122,2
monkeyc7sp1s3123,2
monkeyc7sp1s3124,2
monkeyc7sp1s3125,2
monkeyc7sp1s3126,2
monkeyc7sp1s3127,2
monkeyc7sp1s3128,2
monkeyc7sp1s3129,2
monkeyc7sp1s3130,2
monkeyc7sp1s3131,2
monkeyc7sp1s3132,2
monkeyc7sp1s3133,2
monkeyc7sp1s3134,2
monkeyc7sp1s3135,2
monkeyc7sp1s3136,2
monkeyc7sp1s3137,2
monkeyc7sp1s3138,2
monkeyc7sp1s3139,2
monkeyc7sp1s3140,2
monkeyc7sp1s3141,2
monkeyc7sp1s3142,2
monkeyc7sp1s3143,2
monkeyc7sp1s3144,2
monkeyc7sp1s3145,2
monkeyc7sp1s3146,2
monkeyc7sp1s3147,2
monkeyc7sp1s3148,2
monkeyc7sp1s3149,2
monkeyc7sp1s3150,2
monkeyc7sp1s3151,2
monkeyc7sp1s3152,2
monkeyc7sp1s3153,2
monkeyc7sp1s3154,2
monkeyc7sp1s3155,2
monkeyc7sp1s3156,2
monkeyc7sp1s3157,2
monkeyc7sp1s3158,2
monkeyc7sp1s3159,2
monkeyc7sp1s3160,2
monkeyc7sp1s3161,2
monkeyc7sp1s3162,2
monkeyc7sp1s3163,2
monkeyc7sp1s3164,2
monkeyc7sp1s3165,2
monkeyc7sp1s3166,2
monkeyc7sp1s3167,2
monkeyc7sp1s3168,2
monkeyc7sp1s3169,2
monkeyc7sp1s3170,2
monkeyc7sp1s3171,2
monkeyc7sp1s3172,2
monkeyc7sp1s3173,2
monkeyc7sp1s3174,2
monkeyc7sp1s3175,2
monkeyc7sp1s3176,2
monkeyc7sp1s3177,2
monkeyc7sp1s3178,2
monkeyc7sp1s3179,2
monkeyc7sp1s3180,2
monkeyc7sp1s3181,2
monkeyc7sp1s3182,2
monkeyc7sp1s3183,2
monkeyc7sp1s3184,2
monkeyc7sp1s3185,2
monkeyc7sp1s3186,2
monkeyc7sp1s3187,2
monkeyc7sp1s3188,2
monkeyc7sp1s3189,2
monkeyc7sp1s3190,2
monkeyc7sp1s3191,2
monkeyc7sp1s3192,2
monkeyc7sp1s3193,2
monkeyc7sp1s3194,2
monkeyc7sp1s3195,2
monkeyc7sp1s3196,2
monkeyc7sp1s3197,2
monkeyc7sp1s3198,2
monkeyc7sp1s3199,2
monkeyc7sp1s3200,2
monkeyc7sp1s3201,2
monkeyc7sp1s3202,2
monkeyc7sp1s3203,2
monkeyc7sp1s3204,2
monkeyc7sp1s3205,2
monkeyc7sp1s3206,2
monkeyc7sp1s3207,2
monkeyc7sp1s3208,2
monkeyc7sp1s3209,2
monkeyc7sp1s3210,2
monkeyc7sp1s3211,2
monkeyc7sp1s3212,2
monkeyc7sp1s3213,2
monkeyc7sp1s3214,2
monkeyc7sp1s3215,2
monkeyc7sp1s3216,2
monkeyc7sp1s3217,2
monkeyc7sp1s3218,2
monkeyc7sp1s3219,2
monkeyc7sp1s3220,2
monkeyc7sp1s3221,2
monkeyc7sp1s3222,2
monkeyc7sp1s3223,2
monkeyc7sp1s3224,2
monkeyc7sp1s3225,2
monkeyc7sp1s3226,2
monkeyc7sp1s3227,2
monkeyc7sp1s3228,2
monkeyc7sp1s3229,2
monkeyc7sp1s3230,2
monkeyc7sp1s3231,2
monkeyc7sp1s3232,2
monkeyc7sp1s3233,2
monkeyc7sp1s3234,2
monkeyc7sp1s3235,2
monkeyc7sp1s3236,2
monkeyc7sp1s3237,2
monkeyc7sp1s3238,2
monkeyc7sp1s3239,2
monkeyc7sp1s3240,2
monkeyc7sp1s3241,2
monkeyc7sp1s3242,2
monkeyc7sp1s3243,2
monkeyc7sp1s3244,2
monkeyc7sp1s3245,2
monkeyc7sp1s3246,2
monkeyc7sp1s3247,2
monkeyc7sp1s3248,2
monkeyc7sp1s3249,2
monkeyc7sp1s3250,2
monkeyc7sp1s3251,2
monkeyc7sp1s3252,2
monkeyc7sp1s3253,2
monkeyc7sp1s3254,2
monkeyc7sp1s3255,2
monkeyc7sp1s3256,2
monkeyc7sp1s3257,2
monkeyc7sp1s3258,2
monkeyc7sp1s3259,2
monkeyc7sp1s3260,2
monkeyc7sp1s3261,2
monkeyc7sp1s3262,2
monkeyc7sp1s3263,2
monkeyc7sp1s3264,2
monkeyc7sp1s3265,2
monkeyc7sp1s3266,2
monkeyc7sp1s3267,2
monkeyc7sp1s3268,2
monkeyc7sp1s3269,2
monkeyc7sp1s3270,2
monkeyc7sp1s3271,2
monkeyc7sp1s3272,2
monkeyc7sp1s3273,2
monkeyc7sp1s3274,2
monkeyc7sp1s3275,2
monkeyc7sp1s3276,2
monkeyc7sp1s3277,2
monkeyc7sp1s3278,2
monkeyc7sp1s3279,2
monkeyc7sp1s3280,2
monkeyc7sp1s3281,2
monkeyc7sp1s3282,2
monkeyc7sp1s3283,2
monkeyc7sp1s3284,2
monkeyc7sp1s3285,2
monkeyc7sp1s3286,2
monkeyc7sp1s3287,2
monkeyc7sp1s3288,2
monkeyc7sp1s3289,2
monkeyc7sp1s3290,2
monkeyc7sp1s3291,2
monkeyc7sp1s3292,2
monkeyc7sp1s3293,2
monkeyc7sp1s3294,2
monkeyc7sp1s3295,2
monkeyc7sp1s3296,2
monkeyc7sp1s3297,2
monkeyc7sp1s3298,2
monkeyc7sp1s3299,2
monkeyc7sp1s3300,2
monkeyc7sp1s3301,2
monkeyc7sp1s3302,2
monkeyc7sp1s3303,2
monkeyc7sp1s3304,2
monkeyc7sp1s3305,2
monkeyc7sp1s3306,2
monkeyc7sp1s3307,2
monkeyc7sp1s3308,2
monkeyc7sp1s3309,2
monkeyc7sp1s3310,2
monkeyc7sp1s3311,2
monkeyc7sp1s3312,2
monkeyc7sp1s3313,2
monkeyc7sp1s3314,2
monkeyc7sp1s3315,2
monkeyc7sp1s3316,2
monkeyc7sp1s3317,2
monkeyc7sp1s3318,2
monkeyc7sp1s3319,2
monkeyc7sp1s3320,2
monkeyc7sp1s3321,2
monkeyc7sp1s3322,2
monkeyc7sp1s3323,2
monkeyc7sp1s3324,2
monkeyc7sp1s3325,2
monkeyc7sp1s3326,2
monkeyc7sp1s3327,2
monkeyc7sp1s3328,2
monkeyc7sp1s3329,2
monkeyc7sp1s3330,2
monkeyc7sp1s3331,2
monkeyc7sp1s3332,2
monkeyc7sp1s3333,2
monkeyc7sp1s3334,2
monkeyc7sp1s3335,2
monkeyc7sp1s3336,2
monkeyc7sp1s3337,2
monkeyc7sp1s3338,2
monkeyc7sp1s3339,2
monkeyc7sp1s3340,2
monkeyc7sp1s3341,2
monkeyc7sp1s3342,2
monkeyc7sp1s3343,2
monkeyc7sp1s3344,2
monkeyc7sp1s3345,2
monkeyc7sp1s3346,2
monkeyc7sp1s3347,2
monkeyc7sp1s3348,2
monkeyc7sp1s3349,2
monkeyc7sp1s3350,2
monkeyc7sp1s3351,2
monkeyc7sp1s3352,2
monkeyc7sp1s3353,2
monkeyc7sp1s3354,2
monkeyc7sp1s3355,2
monkeyc7sp1s3356,2
monkeyc7sp1s3357,2
monkeyc7sp1s3358,2
monkeyc7sp1s3359,2
monkeyc7sp1s3360,2
monkeyc7sp1s3361,2
monkeyc7sp1s3362,2
monkeyc7sp1s3363,2
monkeyc7sp1s3364,2
monkeyc7sp1s3365,2
monkeyc7sp1s3366,2
monkeyc7sp1s3367,2
monkeyc7sp1s3368,2
monkeyc7sp1s3369,2
monkeyc7sp1s3370,2
monkeyc7sp1s3371,2
monkeyc7sp1s3372,2
monkeyc7sp1s3373,2
monkeyc7sp1s3374,2
monkeyc7sp1s3375,2
monkeyc7sp1s3376,2
monkeyc7sp1s3377,2
monkeyc7sp1s3378,2
monkeyc7sp1s3379,2
monkeyc7sp1s3380,2
monkeyc7sp1s3381,2
monkeyc7sp1s3382,2
monkeyc7sp1s3383,2
monkeyc7sp1s3384,2
monkeyc7sp1s3385,2
monkeyc7sp1s3386,2
monkeyc7sp1s3387,2
monkeyc7sp1s3388,2
monkeyc7sp1s3389,2
monkeyc7sp1s3390,2
monkeyc7sp1s3391,2
monkeyc7sp1s3392,2
monkeyc7sp1s3393,2
monkeyc7sp1s3394,2
monkeyc7sp1s3395,2
monkeyc7sp1s3396,2
monkeyc7sp1s3397,2
monkeyc7sp1s3398,2
monkeyc7sp1s3399,2
monkeyc7sp1s3400,2
monkeyc7sp1s3401,2
monkeyc7sp1s3402,2
monkeyc7sp1s3403,2
monkeyc7sp1s3404,2
monkeyc7sp1s3405,2
monkeyc7sp1s3406,2
monkeyc7sp1s3407,2
monkeyc7sp1s3408,2
monkeyc7sp1s3409,2
monkeyc7sp1s3410,2
monkeyc7sp1s3411,2
monkeyc7sp1s3412,2
monkeyc7sp1s3413,2
monkeyc7sp1s3414,2
monkeyc7sp1s3415,2
monkeyc7sp1s3416,2
monkeyc7sp1s3417,2
monkeyc7sp1s3418,2
monkeyc7sp1s3419,2
monkeyc7sp1s3420,2
monkeyc7sp1s3421,2
monkeyc7sp1s3422,2
monkeyc7sp1s3423,2
monkeyc7sp1s3424,2
monkeyc7sp1s3425,2
monkeyc7sp1s3426,2
monkeyc7sp1s3427,2
monkeyc7sp1s3428,2
monkeyc7sp1s3429,2
monkeyc7sp1s3430,2
monkeyc7sp1s3431,2
monkeyc7sp1s3432,2
monkeyc7sp1s3433,2
monkeyc7sp1s3434,2
monkeyc7sp1s3435,2
monkeyc7sp1s3436,2
monkeyc7sp1s3437,2
monkeyc7sp1s3438,2
monkeyc7sp1s3439,2
monkeyc7sp1s3440,2
monkeyc7sp1s3441,2
monkeyc7sp1s3442,2
monkeyc7sp1s3443,2
monkeyc7sp1s3444,2
monkeyc7sp1s3445,2
monkeyc7sp1s3446,2
monkeyc7sp1s3447,2
monkeyc7sp1s3448,2
monkeyc7sp1s3449,2
monkeyc7sp1s3450,2
monkeyc7sp1s3451,2
monkeyc7sp1s3452,2
monkeyc7sp1s3453,2
monkeyc7sp1s3454,2
monkeyc7sp1s3455,2
monkeyc7sp1s3456,2
monkeyc7sp1s3457,2
monkeyc7sp1s3458,2
monkeyc7sp1s3459,2
monkeyc7sp1s3460,2
monkeyc7sp1s3461,2
monkeyc7sp1s3462,2
monkeyc7sp1s3463,2
monkeyc7sp1s3464,2
monkeyc7sp1s3465,2
monkeyc7sp1s3466,2
monkeyc7sp1s3467,2
monkeyc7sp1s3468,2
monkeyc7sp1s3469,2
monkeyc7sp1s3470,2
monkeyc7sp1s3471,2
monkeyc7sp1s3472,2
monkeyc7sp1s3473,2
monkeyc7sp1s3474,2
monkeyc7sp1s3475,2
monkeyc7sp1s3476,2
monkeyc7sp1s3477,2
monkeyc7sp1s3478,2
monkeyc7sp1s3479,2
monkeyc7sp1s3480,2
monkeyc7sp1s3481,2
monkeyc7sp1s3482,2
monkeyc7sp1s3483,2
monkeyc7sp1s3484,2
monkeyc7sp1s3485,2
monkeyc7sp1s3486,2
monkeyc7sp1s3487,2
monkeyc7sp1s3488,2
monkeyc7sp1s3489,2
monkeyc7sp1s3490,2
monkeyc7sp1s3491,2
monkeyc7sp1s3492,2
monkeyc7sp1s3493,2
monkeyc7sp1s3494,2
monkeyc7sp1s3495,2
monkeyc7sp1s3496,2
monkeyc7sp1s3497,2
monkeyc7sp1s3498,2
monkeyc7sp1s3499,2
monkeyc7sp1s3500,2
monkeyc8sp2s3501,8
monkeyc8sp2s3502,0
monkeyc8sp2s3503,0
monkeyc8sp2s3504,4
monkeyc8sp2s3505,4
monkeyc8sp2s3506,4
monkeyc8sp2s3507,4
monkeyc8sp2s3508,4
monkeyc8sp2s3509,4
monkeyc8sp2s3510,4
monkeyc8sp2s3511,4
monkeyc8sp2s3512,4
monkeyc8sp2s3513,4
monkeyc8sp2s3514,4
monkeyc8sp2s3515,4
monkeyc8sp2s3516,4
monkeyc8sp2s3517,4
monkeyc8sp2s3518,4
monkeyc8sp2s3519,4
monkeyc8sp2s3520,4
monkeyc8sp2s3521,4
monkeyc8sp2s3522,4
monkeyc8sp2s3523,4
monkeyc8sp2s3524,4
monkeyc8sp2s3525,4
monkeyc8sp2s3526,4
monkeyc8sp2s3527,4
monkeyc8sp2s3528,4
monkeyc8sp2s3529,4
monkeyc8sp2s3530,4
monkeyc8sp2s3531,4
monkeyc8sp2s3532,4
monkeyc8sp2s3533,4
monkeyc8sp2s3534,4
monkeyc8sp2s3535,4
monkeyc8sp2s3536,4
monkeyc8sp2s3537,4
monkeyc8sp2s3538,4
monkeyc8sp2s3539,4
monkeyc8sp2s3540,4
monkeyc8sp2s3541,4
monkeyc8sp2s3542,4
monkeyc8sp2s3543,4
monkeyc8sp2s3544,4
monkeyc8sp2s3545,4
monkeyc8sp2s3546,4
monkeyc8sp2s3547,4
monkeyc8sp2s3548,4
monkeyc8sp2s3549,4
monkeyc8sp2s3550,4
monkeyc8sp2s3551,4
monkeyc8sp2s3552,4
monkeyc8sp2s3553,4
monkeyc8sp2s3554,4
monkeyc8sp2s3555,4
monkeyc8sp2s3556,4
monkeyc8sp2s3557,4
monkeyc8sp2s3558,4
monkeyc8sp2s3559,4
monkeyc8sp2s3560,4
monkeyc8sp2s3561,4
monkeyc8sp2s3562,4
monkeyc8sp2s3563,4
monkeyc8sp2s3564,4
monkeyc8sp2s3565,4
monkeyc8sp2s3566,4
monkeyc8sp2s3567,4
monkeyc8sp2s3568,4
monkeyc8sp2s3569,4
monkeyc8sp2s3570,4
monkeyc8sp2s3571,4
monkeyc8sp2s3572,4
monkeyc8sp2s3573,4
monkeyc8sp2s3574,4
monkeyc8sp2s3575,4
monkeyc8sp2s3576,4
monkeyc8sp2s3577,4
monkeyc8sp2s3578,4
monkeyc8sp2s3579,4
monkeyc8sp2s3580,4
monkeyc8sp2s3581,4
monkeyc8sp2s3582,4
monkeyc8sp2s3583,4
monkeyc8sp2s3584,4
monkeyc8sp2s3585,4
monkeyc8sp2s3586,4
monkeyc8sp2s3587,4
monkeyc8sp2s3588,4
monkeyc8sp2s3589,4
monkeyc8sp2s3590,4
monkeyc8sp2s3591,4
monkeyc8sp2s3592,4
monkeyc8sp2s3593,4
monkeyc8sp2s3594,4
monkeyc8sp2s3595,4
monkeyc8sp2s3596,4
monkeyc8sp2s3597,4
monkeyc8sp2s3598,4
monkeyc8sp2s3599,4
monkeyc8sp2s3600,4
monkeyc8sp2s3601,4
monkeyc8sp2s3602,4
monkeyc8sp2s3603,4
monkeyc8sp2s3604,4
monkeyc8sp2s3605,4
monkeyc8sp2s3606,4
monkeyc8sp2s3607,4
monkeyc8sp2s3608,4
monkeyc8sp2s3609,4
monkeyc8sp2s3610,4
monkeyc8sp2s3611,4
monkeyc8sp2s3612,4
monkeyc8sp2s3613,4
monkeyc8sp2s3614,4
monkeyc8sp2s3615,4
monkeyc8sp2s3616,4
monkeyc8sp2s3617,4
monkeyc8sp2s3618,4
monkeyc8sp2s3619,4
monkeyc8sp2s3620,4
monkeyc8sp2s3621,4
monkeyc8sp2s3622,4
monkeyc8sp2s3623,4
monkeyc8sp2s3624,4
monkeyc8sp2s3625,4
monkeyc8sp2s3626,4
monkeyc8sp2s3627,4
monkeyc8sp2s3628,4
monkeyc8sp2s3629,4
monkeyc8sp2s3630,4
monkeyc8sp2s3631,4
monkeyc8sp2s3632,4
monkeyc8sp2s3633,4
monkeyc8sp2s3634,4
monkeyc8sp2s3635,4
monkeyc8sp2s3636,4
monkeyc8sp2s3637,4
monkeyc8sp2s3638,4
monkeyc8sp2s3639,4
monkeyc8sp2s3640,4
monkeyc8sp2s3641,4
monkeyc8sp2s3642,4
monkeyc8sp2s3643,4
monkeyc8sp2s3644,4
monkeyc8sp2s3645,4
monkeyc8sp2s3646,4
monkeyc8sp2s3647,4
monkeyc8sp2s3648,4
monkeyc8sp2s3649,4
monkeyc8sp2s3650,4
monkeyc8sp2s3651,4
monkeyc8sp2s3652,4
monkeyc8sp2s3653,4
monkeyc8sp2s3654,4
monkeyc8sp2s3655,4
monkeyc8sp2s3656,4
monkeyc8sp2s3657,4
monkeyc8sp2s3658,4
monkeyc8sp2s3659,4
monkeyc8sp2s3660,4
monkeyc8sp2s3661,4
monkeyc8sp2s3662,4
monkeyc8sp2s3663,4
monkeyc8sp2s3664,4
monkeyc8sp2s3665,4
monkeyc8sp2s3666,4
monkeyc8sp2s3667,4
monkeyc8sp2s3668,4
monkeyc8sp2s3669,4
monkeyc8sp2s3670,4
monkeyc8sp2s3671,4
monkeyc8sp2s3672,4
monkeyc8sp2s3673,4
monkeyc8sp2s3674,4
monkeyc8sp2s3675,4
monkeyc8sp2s3676,4
monkeyc8sp2s3677,4
monkeyc8sp2s3678,4
monkeyc8sp2s3679,4
monkeyc8sp2s3680,4
monkeyc8sp2s3681,4
monkeyc8sp2s3682,4
monkeyc8sp2s3683,4
monkeyc8sp2s3684,4
monkeyc8sp2s3685,4
monkeyc8sp2s3686,4
monkeyc8sp2s3687,4
monkeyc8sp2s3688,4
monkeyc8sp2s3689,4
monkeyc8sp2s3690,4
monkeyc8sp2s3691,4
monkeyc8sp2s3692,4
monkeyc8sp2s3693,4
monkeyc8sp2s3694,4
monkeyc8sp2s3695,4
monkeyc8sp2s3696,4
monkeyc8sp2s3697,4
monkeyc8sp2s3698,4
monkeyc8sp2s3699,4
monkeyc8sp2s3700,4
monkeyc8sp2s3701,4
monkeyc8sp2s3702,4
monkeyc8sp2s3703,4
monkeyc8sp2s3704,4
monkeyc8sp2s3705,4
monkeyc8sp2s3706,4
monkeyc8sp2s3707,4
monkeyc8sp2s3708,4
monkeyc8sp2s3709,4
monkeyc8sp2s3710,4
monkeyc8sp2s3711,4
monkeyc8sp2s3712,4
monkeyc8sp2s3713,4
monkeyc8sp2s3714,4
monkeyc8sp2s3715,4
monkeyc8sp2s3716,4
monkeyc8sp2s3717,4
monkeyc8sp2s3718,0
monkeyc8sp2s3719,0
monkeyc8sp2s3720,0
monkeyc8sp2s3721,0
monkeyc8sp2s3722,0
monkeyc8sp2s3723,0
monkeyc8sp2s3724,0
monkeyc8sp2s3725,0
monkeyc8sp2s3726,0
monkeyc8sp2s3727,0
monkeyc8sp2s3728,0
monkeyc8sp2s3729,0
monkeyc8sp2s3730,0
monkeyc8sp2s3731,0
monkeyc8sp2s3732,0
monkeyc8sp2s3733,0
monkeyc8sp2s3734,0
monkeyc8sp2s3735,0
monkeyc8sp2s3736,0
monkeyc8sp2s3737,0
monkeyc8sp2s3738,0
monkeyc8sp2s3739,0
monkeyc8sp2s3740,0
monkeyc8sp2s3741,0
monkeyc8sp2s3742,0
monkeyc8sp2s3743,0
monkeyc8sp2s3744,0
monkeyc8sp2s3745,0
monkeyc8sp2s3746,0
monkeyc8sp2s3747,0
monkeyc8sp2s3748,0
monkeyc8sp2s3749,0
monkeyc8sp2s3750,0
monkeyc8sp2s3751,0
monkeyc8sp2s3752,0
monkeyc8sp2s3753,0
monkeyc8sp2s3754,0
monkeyc8sp2s3755,0
monkeyc8sp2s3756,0
monkeyc8sp2s3757,0
monkeyc8sp2s3758,0
monkeyc8sp2s3759,0
monkeyc8sp2s3760,0
monkeyc8sp2s3761,0
monkeyc8sp2s3762,0
monkeyc8sp2s3763,0
monkeyc8sp2s3764,0
monkeyc8sp2s3765,0
monkeyc8sp2s3766,0
monkeyc8sp2s3767,0
monkeyc8sp2s3768,0
monkeyc8sp2s3769,0
monkeyc8sp2s3770,0
monkeyc8sp2s3771,0
monkeyc8sp2s3772,0
monkeyc8sp2s3773,0
monkeyc8sp2s3774,0
monkeyc8sp2s3775,0
monkeyc8sp2s3776,0
monkeyc8sp2s3777,0
monkeyc8sp2s3778,0
monkeyc8sp2s3779,0
monkeyc8sp2s3780,0
monkeyc8sp2s3781,0
monkeyc8sp2s3782,0
monkeyc8sp2s3783,0
monkeyc8sp2s3784,0
monkeyc8sp2s3785,0
monkeyc8sp2s3786,0
monkeyc8sp2s3787,0
monkeyc8sp2s3788,0
monkeyc8sp2s3789,0
monkeyc8sp2s3790,0
monkeyc8sp2s3791,0
monkeyc8sp2s3792,0
monkeyc8sp2s3793,0
monkeyc8sp2s3794,0
monkeyc8sp2s3795,0
monkeyc8sp2s3796,0
monkeyc8sp2s3797,0
monkeyc8sp2s3798,0
monkeyc8sp2s3799,0
monkeyc8sp2s3800,0
monkeyc8sp2s3801,0
monkeyc8sp2s3802,0
monkeyc8sp2s3803,0
monkeyc8sp2s3804,0
monkeyc8sp2s3805,0
monkeyc8sp2s3806,0
monkeyc8sp2s3807,0
monkeyc8sp2s3808,0
monkeyc8sp2s3809,0
monkeyc8sp2s3810,0
monkeyc8sp2s3811,0
monkeyc8sp2s3812,0
monkeyc8sp2s3813,0
monkeyc8sp2s3814,0
monkeyc8sp2s3815,0
monkeyc8sp2s3816,0
monkeyc8sp2s3817,0
monkeyc8sp2s3818,0
monkeyc8sp2s3819,0
monkeyc8sp2s3820,0
monkeyc8sp2s3821,0
monkeyc8sp2s3822,0
monkeyc8sp2s3823,0
monkeyc8sp2s3824,0
monkeyc8sp2s3825,0
monkeyc8sp2s3826,0
monkeyc8sp2s3827,0
monkeyc8sp2s3828,0
monkeyc8sp2s3829,0
monkeyc8sp2s3830,0
monkeyc8sp2s3831,0
monkeyc8sp2s3832,0
monkeyc8sp2s3833,0
monkeyc8sp2s3834,0
monkeyc8sp2s3835,0
monkeyc8sp2s3836,0
monkeyc8sp2s3837,0
monkeyc8sp2s3838,0
monkeyc8sp2s3839,0
monkeyc8sp2s3840,0
monkeyc8sp2s3841,0
monkeyc8sp2s3842,0
monkeyc8sp2s3843,0
monkeyc8sp2s3844,0
monkeyc8sp2s3845,0
monkeyc8sp2s3846,0
monkeyc8sp2s3847,0
monkeyc8sp2s3848,0
monkeyc8sp2s3849,0
monkeyc8sp2s3850,0
monkeyc8sp2s3851,0
monkeyc8sp2s3852,0
monkeyc8sp2s3853,0
monkeyc8sp2s3854,0
monkeyc8sp2s3855,0
monkeyc8sp2s3856,0
monkeyc8sp2s3857,0
monkeyc8sp2s3858,0
monkeyc8sp2s3859,0
monkeyc8sp2s3860,0
monkeyc8sp2s3861,0
monkeyc8sp2s3862,4
monkeyc8sp2s3863,4
monkeyc8sp2s3864,4
monkeyc8sp2s3865,4
monkeyc8sp2s3866,4
monkeyc8sp2s3867,4
monkeyc8sp2s3868,4
monkeyc8sp2s3869,4
monkeyc8sp2s3870,4
monkeyc8sp2s3871,4
monkeyc8sp2s3872,4
monkeyc8sp2s3873,4
monkeyc8sp2s3874,4
monkeyc8sp2s3875,4
monkeyc8sp2s3876,4
monkeyc8sp2s3877,4
monkeyc8sp2s3878,4
monkeyc8sp2s3879,4
monkeyc8sp2s3880,4
monkeyc8sp2s3881,4
monkeyc8sp2s3882,4
monkeyc8sp2s3883,4
monkeyc8sp2s3884,4
monkeyc8sp2s3885,4
monkeyc8sp2s3886,4
monkeyc8sp2s3887,4
monkeyc8sp2s3888,4
monkeyc8sp2s3889,4
monkeyc8sp2s3890,4
monkeyc8sp2s3891,4
monkeyc8sp2s3892,4
monkeyc8sp2s3893,4
monkeyc8sp2s3894,4
monkeyc8sp2s3895,4
monkeyc8sp2s3896,4
monkeyc8sp2s3897,4
monkeyc8sp2s3898,4
monkeyc8sp2s3899,4
monkeyc8sp2s3900,4
monkeyc8sp2s3901,4
monkeyc8sp2s3902,4
monkeyc8sp2s3903,4
monkeyc8sp2s3904,4
monkeyc8sp2s3905,4
monkeyc8sp2s3906,4
monkeyc8sp2s3907,4
monkeyc8sp2s3908,4
monkeyc8sp2s3909,4
monkeyc8sp2s3910,4
monkeyc8sp2s3911,4
monkeyc8sp2s3912,4
monkeyc8sp2s3913,4
monkeyc8sp2s3914,4
monkeyc8sp2s3915,4
monkeyc8sp2s3916,4
monkeyc8sp2s3917,4
monkeyc8sp2s3918,4
monkeyc8sp2s3919,4
monkeyc8sp2s3920,4
monkeyc8sp2s3921,4
monkeyc8sp2s3922,4
monkeyc8sp2s3923,4
monkeyc8sp2s3924,4
monkeyc8sp2s3925,4
monkeyc8sp2s3926,4
monkeyc8sp2s3927,4
monkeyc8sp2s3928,4
monkeyc8sp2s3929,4
monkeyc8sp2s3930,4
monkeyc8sp2s3931,4
monkeyc8sp2s3932,4
monkeyc8sp2s3933,4
monkeyc8sp2s3934,4
monkeyc8sp2s3935,4
monkeyc8sp2s3936,4
monkeyc8sp2s3937,4
monkeyc8sp2s3938,4
monkeyc8sp2s3939,4
monkeyc8sp2s3940,4
monkeyc8sp2s3941,4
monkeyc8sp2s3942,4
monkeyc8sp2s3943,4
monkeyc8sp2s3944,4
monkeyc8sp2s3945,4
monkeyc8sp2s3946,4
monkeyc8sp2s3947,4
monkeyc8sp2s3948,4
monkeyc8sp2s3949,4
monkeyc8sp2s3950,4
monkeyc8sp2s3951,4
monkeyc8sp2s3952,4
monkeyc8sp2s3953,4
monkeyc8sp2s3954,4
monkeyc8sp2s3955,4
monkeyc8sp2s3956,4
monkeyc8sp2s3957,4
monkeyc8sp2s3958,4
monkeyc8sp2s3959,4
monkeyc8sp2s3960,4
monkeyc8sp2s3961,4
monkeyc8sp2s3962,4
monkeyc8sp2s3963,4
monkeyc8sp2s3964,4
monkeyc8sp2s3965,4
monkeyc8sp2s3966,4
monkeyc8sp2s3967,4
monkeyc8sp2s3968,4
monkeyc8sp2s3969,4
monkeyc8sp2s3970,4
monkeyc8sp2s3971,4
monkeyc8sp2s3972,4
monkeyc8sp2s3973,4
monkeyc8sp2s3974,4
monkeyc8sp2s3975,4
monkeyc8sp2s3976,4
monkeyc8sp2s3977,4
monkeyc8sp2s3978,4
monkeyc8sp2s3979,4
monkeyc8sp2s3980,4
monkeyc8sp2s3981,4
monkeyc8sp2s3982,4
monkeyc8sp2s3983,4
monkeyc8sp2s3984,4
monkeyc8sp2s3985,4
monkeyc8sp2s3986,4
monkeyc8sp2s3987,4
monkeyc8sp2s3988,4
monkeyc8sp2s3989,4
monkeyc8sp2s3990,8
monkeyc8sp2s3991,8
monkeyc8sp2s3992,8
monkeyc8sp2s3993,8
monkeyc8sp2s3994,8
monkeyc8sp2s3995,8
monkeyc8sp2s3996,8
monkeyc8sp2s3997,8
monkeyc8sp2s3998,8
monkeyc8sp2s3999,8
monkeyc8sp2s4000,8
